"dwaid","dwatitle","adoption_rate","number_observations","","","","","","","","","","","","","","","","","","","","","",""
"4.A.1.a.1.I02.D07","Read documents to gather technical information.","61.3%","30","","","","","","","","","","","","","","","","","","","","","",""
"4.A.3.b.6.I03.D03","Prepare research reports.","60.7%","69","","","","","","","","","","","","","","","","","","","","","",""
"4.A.2.b.2.I02.D05","Design integrated computer systems.","59.5%","51","","","","","","","","","","","","","","","","","","","","","",""
"4.A.2.a.4.I04.D02","Analyze data to identify trends or relationships among variables.","57.5%","22","","","","","","","","","","","","","","","","","","","","","",""
"4.A.2.b.3.I01.D07","Update knowledge about emerging industry or technology trends.","57.1%","22","","","","","","","","","","","","","","","","","","","","","",""
"4.A.2.a.4.I12.D01","Conduct quantitative failure analyses of operational data.","55.8%","22","","","","","","","","","","","","","","","","","","","","","",""
"4.A.3.b.1.I06.D07","Prepare data for analysis.","55.4%","212","","","","","","","","","","","","","","","","","","","","","",""
"4.A.2.b.2.I03.D03","Develop marketing plans or strategies.","55.0%","43","","","","","","","","","","","","","","","","","","","","","",""
"4.A.4.a.2.I09.D07","Collaborate with others to determine design specifications or details.","54.8%","132","","","","","","","","","","","","","","","","","","","","","",""
"4.A.2.b.2.I02.D08","Design websites or web applications.","54.6%","124","","","","","","","","","","","","","","","","","","","","","",""
"4.A.2.a.4.I07.D14","Analyze data to identify or resolve operational problems.","54.4%","129","","","","","","","","","","","","","","","","","","","","","",""
"4.A.3.b.6.I12.D09","Develop instructional materials.","53.5%","64","","","","","","","","","","","","","","","","","","","","","",""
"4.A.2.a.4.I07.D09","Analyze data to assess operational or project effectiveness.","53.1%","238","","","","","","","","","","","","","","","","","","","","","",""
"4.A.2.a.4.I11.D03","Apply mathematical models of financial or business conditions.","52.5%","59","","","","","","","","","","","","","","","","","","","","","",""
"4.A.2.b.4.I01.D01","Develop organizational policies or programs.","52.2%","313","","","","","","","","","","","","","","","","","","","","","",""
"4.A.2.a.4.I12.D02","Analyze security of systems, network, or data.","52.1%","181","","","","","","","","","","","","","","","","","","","","","",""
"4.A.1.a.1.I20.D09","Research product safety.","52.1%","27","","","","","","","","","","","","","","","","","","","","","",""
"4.A.2.a.4.I07.D12","Analyze data to inform operational decisions or activities.","51.3%","521","","","","","","","","","","","","","","","","","","","","","",""
"4.A.2.a.4.I07.D08","Analyze forecasting data to improve business decisions.","50.6%","100","","","","","","","","","","","","","","","","","","","","","",""
"4.A.4.a.8.I01.D04","Collaborate with others to prepare or perform artistic productions.","50.4%","65","","","","","","","","","","","","","","","","","","","","","",""
"4.A.2.a.4.I08.D01","Identify implications for cases from legal precedents or other legal information.","50.1%","31","","","","","","","","","","","","","","","","","","","","","",""
"4.A.1.a.1.I06.D01","Gather organizational performance information.","50.1%","68","","","","","","","","","","","","","","","","","","","","","",""
"4.A.2.b.2.I15.D07","Develop strategies or programs for students with special needs.","49.9%","23","","","","","","","","","","","","","","","","","","","","","",""
"4.A.2.b.2.I27.D02","Develop organizational goals or objectives.","49.8%","199","","","","","","","","","","","","","","","","","","","","","",""
"4.A.1.a.1.I22.D03","Investigate safety of work environment.","49.6%","26","","","","","","","","","","","","","","","","","","","","","",""
"4.A.2.b.2.I03.D05","Develop promotional strategies or plans.","49.5%","39","","","","","","","","","","","","","","","","","","","","","",""
"4.A.2.b.3.I01.D11","Update job related knowledge or skills.","49.4%","21","","","","","","","","","","","","","","","","","","","","","",""
"4.A.1.a.1.I04.D07","Search files, databases or reference materials to obtain needed information.","49.1%","28","","","","","","","","","","","","","","","","","","","","","",""
"4.A.2.b.2.I02.D02","Develop computer or information systems.","48.7%","379","","","","","","","","","","","","","","","","","","","","","",""
"4.A.4.b.4.I07.D04","Manage human resources activities.","48.7%","312","","","","","","","","","","","","","","","","","","","","","",""
"4.A.1.a.1.I05.D02","Research relevant legal materials to aid decision making.","48.6%","65","","","","","","","","","","","","","","","","","","","","","",""
"4.A.2.b.1.I08.D07","Estimate supplies, ingredients, or staff requirements for food preparation activities.","48.5%","25","","","","","","","","","","","","","","","","","","","","","",""
"4.A.2.b.2.I02.D03","Design computer modeling or simulation programs.","48.2%","101","","","","","","","","","","","","","","","","","","","","","",""
"4.A.4.b.4.I12.D39","Direct organizational operations, projects, or services.","47.8%","809","","","","","","","","","","","","","","","","","","","","","",""
"4.A.2.b.4.I03.D09","Develop computer or information security policies or procedures.","47.7%","245","","","","","","","","","","","","","","","","","","","","","",""
"4.A.2.b.2.I02.D12","Apply information technology to solve business or other applied problems.","47.3%","78","","","","","","","","","","","","","","","","","","","","","",""
"4.A.3.b.1.I04.D02","Troubleshoot issues with computer applications or systems.","47.3%","205","","","","","","","","","","","","","","","","","","","","","",""
"4.A.4.b.4.I12.D12","Manage operations, research, or logistics projects.","47.2%","406","","","","","","","","","","","","","","","","","","","","","",""
"4.A.3.b.6.I09.D04","Document technical specifications or requirements.","47.1%","186","","","","","","","","","","","","","","","","","","","","","",""
"4.A.2.b.2.I02.D07","Modify software programs to improve performance.","47.1%","229","","","","","","","","","","","","","","","","","","","","","",""
"4.A.2.a.4.I11.D07","Analyze financial records to improve efficiency.","46.2%","108","","","","","","","","","","","","","","","","","","","","","",""
"4.A.2.b.1.I08.D02","Identify information technology project resource requirements.","46.0%","105","","","","","","","","","","","","","","","","","","","","","",""
"4.A.1.b.1.I02.D04","Identify strategic business investment opportunities.","45.9%","71","","","","","","","","","","","","","","","","","","","","","",""
"4.A.2.b.2.I15.D10","Develop educational goals, standards, policies, or procedures.","45.5%","45","","","","","","","","","","","","","","","","","","","","","",""
"4.A.2.a.2.I01.D04","Review accuracy of sales or other transactions.","45.5%","25","","","","","","","","","","","","","","","","","","","","","",""
"4.A.2.a.4.I04.D01","Apply mathematical principles or statistical approaches to solve problems in scientific or applied fields.","45.5%","245","","","","","","","","","","","","","","","","","","","","","",""
"4.A.3.b.6.I12.D10","Develop training materials.","45.3%","59","","","","","","","","","","","","","","","","","","","","","",""
"4.A.2.b.1.I07.D01","Edit written materials.","45.1%","43","","","","","","","","","","","","","","","","","","","","","",""
"4.A.4.a.7.I03.D01","Resolve employee or contractor problems.","44.9%","440","","","","","","","","","","","","","","","","","","","","","",""
"4.A.3.b.6.I03.D04","Prepare scientific or technical reports or presentations.","44.8%","60","","","","","","","","","","","","","","","","","","","","","",""
"4.A.1.a.1.I14.D04","Conduct opinion surveys or needs assessments.","44.5%","62","","","","","","","","","","","","","","","","","","","","","",""
"4.A.4.a.1.I04.D03","Explain financial information to customers.","44.5%","31","","","","","","","","","","","","","","","","","","","","","",""
"4.A.2.b.2.I02.D10","Design software applications.","44.3%","174","","","","","","","","","","","","","","","","","","","","","",""
"4.A.4.b.4.I06.D04","Coordinate software or hardware installation.","43.6%","195","","","","","","","","","","","","","","","","","","","","","",""
"4.A.2.a.4.I03.D02","Analyze risks related to investments in green technology.","43.6%","32","","","","","","","","","","","","","","","","","","","","","",""
"4.A.4.b.4.I03.D02","Direct productions or performances.","43.4%","81","","","","","","","","","","","","","","","","","","","","","",""
"4.A.2.a.1.I10.D01","Evaluate project designs to determine adequacy or feasibility.","43.3%","20","","","","","","","","","","","","","","","","","","","","","",""
"4.A.2.b.1.I08.D04","Calculate specific material, equipment, or labor requirements for production.","43.0%","22","","","","","","","","","","","","","","","","","","","","","",""
"4.A.4.b.4.I12.D18","Manage operations of artistic or entertainment departments or organizations.","43.0%","66","","","","","","","","","","","","","","","","","","","","","",""
"4.A.3.b.1.I02.D01","Implement security measures for computer or information systems.","42.4%","52","","","","","","","","","","","","","","","","","","","","","",""
"4.A.2.b.1.I09.D01","Implement organizational process or policy changes.","42.3%","289","","","","","","","","","","","","","","","","","","","","","",""
"4.A.2.b.1.I08.D08","Estimate cost or material requirements.","42.3%","97","","","","","","","","","","","","","","","","","","","","","",""
"4.A.2.a.2.I03.D01","Compile operational data.","42.2%","182","","","","","","","","","","","","","","","","","","","","","",""
"4.A.3.b.1.I01.D03","Write computer programming code.","42.2%","72","","","","","","","","","","","","","","","","","","","","","",""
"4.A.3.b.1.I04.D03","Resolve computer software problems.","42.2%","92","","","","","","","","","","","","","","","","","","","","","",""
"4.A.3.b.6.I15.D06","Prepare operational progress or status reports.","41.7%","256","","","","","","","","","","","","","","","","","","","","","",""
"4.A.4.c.3.I03.D02","Allocate physical resources within organizations.","41.6%","54","","","","","","","","","","","","","","","","","","","","","",""
"4.A.4.b.4.I01.D17","Supervise laboratory work.","41.5%","36","","","","","","","","","","","","","","","","","","","","","",""
"4.A.3.b.6.I01.D02","Prepare financial documents, reports, or budgets.","41.5%","522","","","","","","","","","","","","","","","","","","","","","",""
"4.A.3.b.6.I14.D02","Prepare reports related to compliance matters.","41.2%","99","","","","","","","","","","","","","","","","","","","","","",""
"4.A.4.a.1.I02.D05","Communicate organizational information to customers or other stakeholders.","40.8%","156","","","","","","","","","","","","","","","","","","","","","",""
"4.A.2.b.2.I07.D07","Develop performance metrics or standards related to information technology.","40.7%","230","","","","","","","","","","","","","","","","","","","","","",""
"4.A.3.b.6.I09.D05","Document design or development procedures.","40.4%","21","","","","","","","","","","","","","","","","","","","","","",""
"4.A.2.b.3.I01.D13","Conduct research to inform art, designs, or other work.","40.1%","51","","","","","","","","","","","","","","","","","","","","","",""
"4.A.2.b.2.I06.D04","Create databases to store electronic data.","39.4%","120","","","","","","","","","","","","","","","","","","","","","",""
"4.A.1.b.2.I08.D03","Test software performance.","39.1%","107","","","","","","","","","","","","","","","","","","","","","",""
"4.A.4.b.6.I02.D02","Advise customers on technical or procedural issues.","39.0%","281","","","","","","","","","","","","","","","","","","","","","",""
"4.A.3.b.4.I02.D13","Perform manual service or maintenance tasks.","38.9%","35","","","","","","","","","","","","","","","","","","","","","",""
"4.A.4.a.6.I03.D07","Deliver promotional presentations to current or prospective customers.","38.8%","48","","","","","","","","","","","","","","","","","","","","","",""
"4.A.2.b.3.I01.D03","Stay informed about current developments in field of specialization.","38.8%","32","","","","","","","","","","","","","","","","","","","","","",""
"4.A.4.b.4.I12.D03","Direct sales, marketing, or customer service activities.","38.6%","257","","","","","","","","","","","","","","","","","","","","","",""
"4.A.3.b.6.I08.D24","Maintain repair or maintenance records.","38.6%","30","","","","","","","","","","","","","","","","","","","","","",""
"4.A.3.b.1.I03.D04","Configure computer networks.","38.5%","38","","","","","","","","","","","","","","","","","","","","","",""
"4.A.2.b.3.I01.D18","Attend training sessions or professional meetings to develop or maintain professional knowledge.","38.4%","39","","","","","","","","","","","","","","","","","","","","","",""
"4.A.2.b.4.I01.D06","Determine pricing or monetary policies.","38.2%","182","","","","","","","","","","","","","","","","","","","","","",""
"4.A.2.b.1.I09.D05","Implement financial decisions.","38.1%","50","","","","","","","","","","","","","","","","","","","","","",""
"4.A.1.b.2.I11.D01","Test air quality at work sites.","38.1%","66","","","","","","","","","","","","","","","","","","","","","",""
"4.A.1.b.2.I08.D02","Test computer system operations to ensure proper functioning.","37.9%","27","","","","","","","","","","","","","","","","","","","","","",""
"4.A.2.b.4.I03.D04","Develop business or financial information systems.","37.6%","36","","","","","","","","","","","","","","","","","","","","","",""
"4.A.4.a.3.I03.D09","Provide basic information to guests, visitors, or clients.","37.5%","104","","","","","","","","","","","","","","","","","","","","","",""
"4.A.4.b.6.I08.D04","Advise others on legal or regulatory compliance matters.","37.4%","75","","","","","","","","","","","","","","","","","","","","","",""
"4.A.4.a.2.I03.D14","Confer with organizational members to accomplish work activities.","37.4%","630","","","","","","","","","","","","","","","","","","","","","",""
"4.A.3.b.6.I16.D02","Write material for artistic or entertainment purposes.","37.3%","50","","","","","","","","","","","","","","","","","","","","","",""
"4.A.3.b.6.I08.D30","Document organizational or operational procedures.","37.3%","31","","","","","","","","","","","","","","","","","","","","","",""
"4.A.1.a.1.I02.D08","Review technical documents to plan work.","37.1%","28","","","","","","","","","","","","","","","","","","","","","",""
"4.A.2.b.2.I12.D03","Develop content for sales presentations or other materials.","36.9%","46","","","","","","","","","","","","","","","","","","","","","",""
"4.A.3.b.6.I12.D05","Write informational material.","36.9%","44","","","","","","","","","","","","","","","","","","","","","",""
"4.A.2.b.3.I01.D21","Update professional knowledge.","36.8%","87","","","","","","","","","","","","","","","","","","","","","",""
"4.A.4.a.7.I02.D11","Negotiate project specifications.","36.6%","83","","","","","","","","","","","","","","","","","","","","","",""
"4.A.4.a.7.I02.D03","Negotiate labor disputes.","36.5%","62","","","","","","","","","","","","","","","","","","","","","",""
"4.A.4.a.1.I02.D03","Communicate organizational policies and procedures.","36.5%","81","","","","","","","","","","","","","","","","","","","","","",""
"4.A.2.b.1.I04.D13","Determine technical requirements of productions or projects.","36.3%","90","","","","","","","","","","","","","","","","","","","","","",""
"4.A.4.b.4.I10.D07","Manage construction activities.","36.1%","184","","","","","","","","","","","","","","","","","","","","","",""
"4.A.4.b.3.I02.D01","Teach vocational courses.","35.9%","21","","","","","","","","","","","","","","","","","","","","","",""
"4.A.3.a.3.I09.D03","Operate laboratory equipment to analyze medical samples.","35.9%","25","","","","","","","","","","","","","","","","","","","","","",""
"4.A.4.c.3.I07.D04","Monitor inventories of products or materials.","35.6%","25","","","","","","","","","","","","","","","","","","","","","",""
"4.A.1.a.1.I04.D01","Obtain property information.","35.5%","46","","","","","","","","","","","","","","","","","","","","","",""
"4.A.4.a.3.I02.D04","Provide educational information to the public.","35.2%","24","","","","","","","","","","","","","","","","","","","","","",""
"4.A.3.a.2.I22.D05","Position construction or extraction equipment.","35.0%","20","","","","","","","","","","","","","","","","","","","","","",""
"4.A.1.a.2.I08.D03","Monitor external affairs or events affecting business operations.","34.9%","21","","","","","","","","","","","","","","","","","","","","","",""
"4.A.4.a.4.I01.D04","Establish interpersonal business relationships to facilitate work activities.","34.9%","75","","","","","","","","","","","","","","","","","","","","","",""
"4.A.4.b.4.I03.D01","Manage content of broadcasts or presentations.","34.7%","57","","","","","","","","","","","","","","","","","","","","","",""
"4.A.3.b.6.I08.D23","Maintain social services program records.","34.7%","27","","","","","","","","","","","","","","","","","","","","","",""
"4.A.3.b.4.I04.D02","Maintain computer networks to enhance performance and user access.","34.5%","27","","","","","","","","","","","","","","","","","","","","","",""
"4.A.2.a.4.I05.D05","Analyze project data to determine specifications or requirements.","34.3%","51","","","","","","","","","","","","","","","","","","","","","",""
"4.A.4.a.2.I09.D03","Confer with technical personnel to prepare designs or operational plans.","34.1%","33","","","","","","","","","","","","","","","","","","","","","",""
"4.A.4.a.2.I09.D05","Collaborate with others to determine technical details of productions.","34.0%","95","","","","","","","","","","","","","","","","","","","","","",""
"4.A.3.b.6.I16.D03","Write advertising or promotional material.","33.8%","34","","","","","","","","","","","","","","","","","","","","","",""
"4.A.4.a.2.I10.D03","Signal equipment operators to indicate proper equipment positioning.","33.8%","76","","","","","","","","","","","","","","","","","","","","","",""
"4.A.1.a.2.I08.D01","Monitor market conditions or trends.","33.7%","28","","","","","","","","","","","","","","","","","","","","","",""
"4.A.3.b.1.I04.D01","Resolve computer network problems.","33.6%","126","","","","","","","","","","","","","","","","","","","","","",""
"4.A.4.b.6.I04.D02","Provide technical support for software maintenance or use.","33.4%","287","","","","","","","","","","","","","","","","","","","","","",""
"4.A.3.b.1.I03.D01","Install computer software.","33.4%","27","","","","","","","","","","","","","","","","","","","","","",""
"4.A.3.b.6.I14.D04","Maintain regulatory or compliance documentation.","33.4%","112","","","","","","","","","","","","","","","","","","","","","",""
"4.A.4.b.6.I05.D07","Recommend organizational process or policy changes.","33.3%","99","","","","","","","","","","","","","","","","","","","","","",""
"4.A.4.b.4.I09.D05","Manage organizational or project budgets.","33.2%","218","","","","","","","","","","","","","","","","","","","","","",""
"4.A.1.b.2.I07.D06","Inspect equipment to locate or identify electrical problems.","33.2%","27","","","","","","","","","","","","","","","","","","","","","",""
"4.A.1.a.1.I21.D04","Investigate industrial or transportation accidents.","33.0%","48","","","","","","","","","","","","","","","","","","","","","",""
"4.A.2.b.1.I02.D01","Determine causes of operational problems or failures.","33.0%","30","","","","","","","","","","","","","","","","","","","","","",""
"4.A.4.b.6.I05.D09","Recommend technical design or process changes to improve efficiency, quality, or performance.","33.0%","36","","","","","","","","","","","","","","","","","","","","","",""
"4.A.4.a.2.I11.D06","Coordinate operational activities with external stakeholders.","32.8%","221","","","","","","","","","","","","","","","","","","","","","",""
"4.A.4.a.7.I01.D02","Arbitrate disputes between parties to resolve legal conflicts.","32.8%","36","","","","","","","","","","","","","","","","","","","","","",""
"4.A.1.a.2.I09.D04","Monitor activities affecting environmental quality.","32.8%","23","","","","","","","","","","","","","","","","","","","","","",""
"4.A.2.a.4.I11.D04","Analyze business or financial data.","32.5%","136","","","","","","","","","","","","","","","","","","","","","",""
"4.A.4.a.6.I03.D02","Demonstrate products to consumers.","32.5%","21","","","","","","","","","","","","","","","","","","","","","",""
"4.A.2.b.2.I19.D04","Develop emergency response plans or procedures.","32.3%","40","","","","","","","","","","","","","","","","","","","","","",""
"4.A.3.b.6.I08.D19","Record operational details of travel.","32.3%","27","","","","","","","","","","","","","","","","","","","","","",""
"4.A.4.a.2.I06.D05","Discuss business strategies, practices, or policies with managers.","32.3%","125","","","","","","","","","","","","","","","","","","","","","",""
"4.A.1.b.2.I07.D10","Inspect gas systems or components to identify leaks or other potential hazards.","32.2%","22","","","","","","","","","","","","","","","","","","","","","",""
"4.A.3.a.2.I28.D02","Construct distinctive physical objects for artistic, functional, or commercial purposes.","32.2%","21","","","","","","","","","","","","","","","","","","","","","",""
"4.A.4.a.6.I03.D10","Promote products, activities, or organizations.","32.0%","32","","","","","","","","","","","","","","","","","","","","","",""
"4.A.4.a.2.I04.D03","Collaborate with others to resolve information technology issues.","32.0%","80","","","","","","","","","","","","","","","","","","","","","",""
"4.A.3.a.4.I01.D05","Travel to work sites to perform installation, repair or maintenance work.","32.0%","20","","","","","","","","","","","","","","","","","","","","","",""
"4.A.4.b.4.I13.D02","Prepare staff schedules or work assignments.","32.0%","132","","","","","","","","","","","","","","","","","","","","","",""
"4.A.2.b.4.I01.D02","Develop operating strategies, plans, or procedures.","31.9%","171","","","","","","","","","","","","","","","","","","","","","",""
"4.A.1.a.1.I01.D04","Study scripts to determine project requirements.","31.9%","46","","","","","","","","","","","","","","","","","","","","","",""
"4.A.2.a.1.I07.D03","Evaluate potential of products, technologies, or resources.","31.8%","38","","","","","","","","","","","","","","","","","","","","","",""
"4.A.2.a.4.I07.D05","Interpret research or operational data.","31.8%","28","","","","","","","","","","","","","","","","","","","","","",""
"4.A.4.c.1.I01.D04","Prepare business correspondence.","31.7%","53","","","","","","","","","","","","","","","","","","","","","",""
"4.A.3.b.6.I12.D04","Modify teaching methods or materials to accommodate student needs.","31.4%","340","","","","","","","","","","","","","","","","","","","","","",""
"4.A.4.a.8.I03.D06","Correspond with customers to answer questions or resolve complaints.","31.4%","43","","","","","","","","","","","","","","","","","","","","","",""
"4.A.2.a.4.I07.D02","Analyze operational or research data.","31.2%","31","","","","","","","","","","","","","","","","","","","","","",""
"4.A.1.a.1.I03.D04","Investigate legal issues.","31.1%","39","","","","","","","","","","","","","","","","","","","","","",""
"4.A.2.a.1.I09.D02","Assess financial status of clients.","30.7%","73","","","","","","","","","","","","","","","","","","","","","",""
"4.A.2.a.4.I11.D06","Analyze financial records or reports to determine state of operations.","30.6%","271","","","","","","","","","","","","","","","","","","","","","",""
"4.A.2.a.4.I07.D07","Analyze logistics processes.","30.5%","40","","","","","","","","","","","","","","","","","","","","","",""
"4.A.4.b.3.I02.D12","Teach physical science or mathematics courses at the college level.","30.5%","30","","","","","","","","","","","","","","","","","","","","","",""
"4.A.4.a.1.I01.D05","Explain technical product or service information to customers.","30.4%","117","","","","","","","","","","","","","","","","","","","","","",""
"4.A.2.a.4.I07.D10","Analyze jobs using observation, survey, or interview techniques.","30.3%","43","","","","","","","","","","","","","","","","","","","","","",""
"4.A.4.b.6.I05.D10","Advise others on business or operational matters.","30.2%","163","","","","","","","","","","","","","","","","","","","","","",""
"4.A.2.a.1.I03.D03","Prepare tests.","30.0%","163","","","","","","","","","","","","","","","","","","","","","",""
"4.A.2.b.2.I15.D03","Develop instructional objectives.","30.0%","91","","","","","","","","","","","","","","","","","","","","","",""
"4.A.2.b.2.I05.D02","Develop safety standards, policies, or procedures.","30.0%","23","","","","","","","","","","","","","","","","","","","","","",""
"4.A.3.b.1.I02.D02","Create electronic data backup to prevent loss of information.","29.8%","156","","","","","","","","","","","","","","","","","","","","","",""
"4.A.4.a.4.I01.D02","Develop business relationships.","29.7%","71","","","","","","","","","","","","","","","","","","","","","",""
"4.A.4.b.3.I02.D05","Guide class discussions.","29.6%","50","","","","","","","","","","","","","","","","","","","","","",""
"4.A.2.a.1.I04.D04","Evaluate employee performance.","29.5%","373","","","","","","","","","","","","","","","","","","","","","",""
"4.A.4.a.5.I11.D07","Prepare patients physically for medical procedures.","29.5%","39","","","","","","","","","","","","","","","","","","","","","",""
"4.A.2.b.2.I25.D05","Develop artistic or design concepts for decoration, exhibition, or commercial purposes.","29.2%","64","","","","","","","","","","","","","","","","","","","","","",""
"4.A.4.a.2.I03.D10","Report information to managers or other personnel.","29.0%","100","","","","","","","","","","","","","","","","","","","","","",""
"4.A.4.b.6.I04.D05","Provide technical support for computer network issues.","29.0%","22","","","","","","","","","","","","","","","","","","","","","",""
"4.A.2.b.2.I01.D02","Develop medical treatment plans.","28.9%","38","","","","","","","","","","","","","","","","","","","","","",""
"4.A.2.a.2.I01.D06","Evaluate data quality.","28.9%","28","","","","","","","","","","","","","","","","","","","","","",""
"4.A.4.b.4.I04.D02","Manage agricultural or forestry operations.","28.8%","26","","","","","","","","","","","","","","","","","","","","","",""
"4.A.4.a.8.I03.D05","Resolve customer complaints or problems.","28.7%","347","","","","","","","","","","","","","","","","","","","","","",""
"4.A.1.b.2.I04.D02","Inspect mechanical components of vehicles to identify problems.","28.6%","22","","","","","","","","","","","","","","","","","","","","","",""
"4.A.4.b.3.I04.D01","Train personnel to enhance job skills.","28.5%","81","","","","","","","","","","","","","","","","","","","","","",""
"4.A.1.b.2.I06.D09","Evaluate projects to determine compliance with technical specifications.","28.5%","36","","","","","","","","","","","","","","","","","","","","","",""
"4.A.1.a.2.I10.D03","Monitor computer system performance to ensure proper operation.","28.4%","86","","","","","","","","","","","","","","","","","","","","","",""
"4.A.4.a.2.I03.D09","Liaise between departments or other groups to improve function or communication.","28.1%","56","","","","","","","","","","","","","","","","","","","","","",""
"4.A.4.c.2.I02.D02","Administer compensation or benefits programs.","28.1%","81","","","","","","","","","","","","","","","","","","","","","",""
"4.A.4.b.4.I09.D04","Prepare operational budgets.","28.0%","341","","","","","","","","","","","","","","","","","","","","","",""
"4.A.4.b.3.I01.D04","Teach life skills.","27.9%","56","","","","","","","","","","","","","","","","","","","","","",""
"4.A.2.b.2.I22.D02","Determine presentation subjects or content.","27.9%","20","","","","","","","","","","","","","","","","","","","","","",""
"4.A.2.b.2.I18.D09","Design layout of art or product exhibits, displays, or promotional materials.","27.7%","37","","","","","","","","","","","","","","","","","","","","","",""
"4.A.2.a.4.I07.D15","Analyze shipping information to make routing decisions.","27.7%","26","","","","","","","","","","","","","","","","","","","","","",""
"4.A.4.b.4.I09.D02","Direct financial operations.","27.6%","211","","","","","","","","","","","","","","","","","","","","","",""
"4.A.3.b.6.I14.D07","Complete documentation required by programs or regulations.","27.6%","34","","","","","","","","","","","","","","","","","","","","","",""
"4.A.3.b.6.I08.D11","Document operational activities.","27.5%","47","","","","","","","","","","","","","","","","","","","","","",""
"4.A.1.a.2.I06.D01","Monitor performance of organizational members or partners.","27.3%","85","","","","","","","","","","","","","","","","","","","","","",""
"4.A.2.b.2.I18.D17","Create computer-generated graphics or animation.","27.2%","30","","","","","","","","","","","","","","","","","","","","","",""
"4.A.1.b.2.I05.D15","Inspect condition or functioning of facilities or equipment.","27.2%","33","","","","","","","","","","","","","","","","","","","","","",""
"4.A.4.a.1.I04.D02","Interpret financial information for others.","27.2%","52","","","","","","","","","","","","","","","","","","","","","",""
"4.A.3.b.6.I07.D03","Prepare proposal documents.","27.2%","51","","","","","","","","","","","","","","","","","","","","","",""
"4.A.2.a.1.I02.D01","Evaluate program effectiveness.","27.2%","67","","","","","","","","","","","","","","","","","","","","","",""
"4.A.1.b.3.I01.D02","Calculate dimensions of workpieces, products, or equipment.","27.1%","25","","","","","","","","","","","","","","","","","","","","","",""
"4.A.3.a.2.I03.D05","Assist chefs or caterers with food or drink preparation.","27.1%","20","","","","","","","","","","","","","","","","","","","","","",""
"4.A.2.a.2.I01.D05","Verify accuracy of financial information.","27.1%","88","","","","","","","","","","","","","","","","","","","","","",""
"4.A.3.b.6.I13.D05","Prepare documentation for contracts, transactions, or regulatory compliance.","27.0%","162","","","","","","","","","","","","","","","","","","","","","",""
"4.A.2.a.1.I03.D01","Assess educational needs of students.","27.0%","47","","","","","","","","","","","","","","","","","","","","","",""
"4.A.2.b.2.I14.D04","Design energy production or management equipment or systems.","27.0%","24","","","","","","","","","","","","","","","","","","","","","",""
"4.A.3.b.6.I08.D13","Record information about parts, materials or repair procedures.","26.9%","39","","","","","","","","","","","","","","","","","","","","","",""
"4.A.4.a.2.I03.D19","Receive information or instructions for performing work assignments.","26.8%","61","","","","","","","","","","","","","","","","","","","","","",""
"4.A.2.a.3.I03.D02","Examine financial records.","26.7%","39","","","","","","","","","","","","","","","","","","","","","",""
"4.A.3.b.6.I14.D09","Prepare legal documents.","26.7%","57","","","","","","","","","","","","","","","","","","","","","",""
"4.A.3.b.6.I03.D06","Write reports or evaluations.","26.6%","91","","","","","","","","","","","","","","","","","","","","","",""
"4.A.1.a.2.I02.D05","Monitor organizational procedures to ensure proper functioning.","26.6%","271","","","","","","","","","","","","","","","","","","","","","",""
"4.A.2.a.1.I03.D02","Administer tests to assess educational needs or progress.","26.6%","40","","","","","","","","","","","","","","","","","","","","","",""
"4.A.4.a.3.I03.D12","Provide transportation information to passengers or customers.","26.6%","24","","","","","","","","","","","","","","","","","","","","","",""
"4.A.2.b.3.I01.D16","Maintain professional knowledge or certifications.","26.5%","24","","","","","","","","","","","","","","","","","","","","","",""
"4.A.4.a.2.I09.D04","Collaborate with others to develop or refine designs.","26.4%","35","","","","","","","","","","","","","","","","","","","","","",""
"4.A.4.b.3.I05.D05","Teach others to use technology or equipment.","26.4%","56","","","","","","","","","","","","","","","","","","","","","",""
"4.A.4.b.5.I01.D01","Coach others.","26.3%","24","","","","","","","","","","","","","","","","","","","","","",""
"4.A.4.a.2.I06.D03","Confer with personnel to coordinate business operations.","26.3%","100","","","","","","","","","","","","","","","","","","","","","",""
"4.A.2.b.2.I18.D12","Design layouts for print publications.","26.3%","29","","","","","","","","","","","","","","","","","","","","","",""
"4.A.4.b.6.I11.D03","Advise others on financial matters.","26.2%","152","","","","","","","","","","","","","","","","","","","","","",""
"4.A.2.b.2.I15.D08","Develop educational programs.","26.2%","32","","","","","","","","","","","","","","","","","","","","","",""
"4.A.4.a.1.I05.D01","Communicate detailed medical information to patients or family members.","26.2%","27","","","","","","","","","","","","","","","","","","","","","",""
"4.A.1.b.2.I03.D03","Analyze test results.","26.1%","23","","","","","","","","","","","","","","","","","","","","","",""
"4.A.3.b.4.I02.D03","Maintain equipment or systems to ensure proper functioning.","26.0%","37","","","","","","","","","","","","","","","","","","","","","",""
"4.A.1.a.2.I11.D10","Determine operational compliance with regulations or standards.","25.9%","82","","","","","","","","","","","","","","","","","","","","","",""
"4.A.2.a.1.I05.D03","Evaluate quality of materials or products.","25.9%","260","","","","","","","","","","","","","","","","","","","","","",""
"4.A.3.b.4.I04.D04","Maintain electronic equipment.","25.9%","35","","","","","","","","","","","","","","","","","","","","","",""
"4.A.4.a.5.I09.D08","Provide for basic needs of children.","25.9%","27","","","","","","","","","","","","","","","","","","","","","",""
"4.A.2.b.2.I19.D02","Maintain contingency plans for disaster recovery.","25.8%","142","","","","","","","","","","","","","","","","","","","","","",""
"4.A.1.a.2.I11.D04","Monitor organizational compliance with regulations.","25.7%","201","","","","","","","","","","","","","","","","","","","","","",""
"4.A.4.b.4.I13.D06","Assign duties or work schedules to employees.","25.6%","173","","","","","","","","","","","","","","","","","","","","","",""
"4.A.4.c.3.I05.D06","Purchase products or services.","25.5%","22","","","","","","","","","","","","","","","","","","","","","",""
"4.A.4.a.6.I03.D12","Promote products, services, or programs.","25.5%","42","","","","","","","","","","","","","","","","","","","","","",""
"4.A.2.a.1.I07.D07","Evaluate characteristics of equipment or systems.","25.5%","40","","","","","","","","","","","","","","","","","","","","","",""
"4.A.1.a.1.I23.D03","Interview clients to gather financial information.","25.4%","56","","","","","","","","","","","","","","","","","","","","","",""
"4.A.4.b.4.I03.D05","Coordinate artistic activities.","25.4%","32","","","","","","","","","","","","","","","","","","","","","",""
"4.A.3.b.6.I09.D07","Document design or operational test results.","25.1%","23","","","","","","","","","","","","","","","","","","","","","",""
"4.A.3.a.2.I06.D03","Mount materials or workpieces onto production equipment.","25.0%","29","","","","","","","","","","","","","","","","","","","","","",""
"4.A.2.b.2.I18.D15","Draw detailed or technical illustrations.","25.0%","74","","","","","","","","","","","","","","","","","","","","","",""
"4.A.4.c.3.I01.D03","Manage inventories of products or organizational resources.","25.0%","77","","","","","","","","","","","","","","","","","","","","","",""
"4.A.4.b.6.I07.D02","Advise students on academic or career matters.","24.9%","28","","","","","","","","","","","","","","","","","","","","","",""
"4.A.4.b.4.I01.D02","Supervise engineering or other technical personnel.","24.9%","26","","","","","","","","","","","","","","","","","","","","","",""
"4.A.2.b.1.I08.D14","Estimate construction project labor requirements.","24.7%","34","","","","","","","","","","","","","","","","","","","","","",""
"4.A.4.a.2.I03.D20","Exchange information with colleagues.","24.7%","54","","","","","","","","","","","","","","","","","","","","","",""
"4.A.4.a.6.I02.D05","Sell products or services.","24.6%","120","","","","","","","","","","","","","","","","","","","","","",""
"4.A.3.b.6.I03.D02","Prepare research or technical reports.","24.6%","59","","","","","","","","","","","","","","","","","","","","","",""
"4.A.1.a.1.I02.D11","Review blueprints or other instructions to determine operational methods or sequences.","24.6%","87","","","","","","","","","","","","","","","","","","","","","",""
"4.A.4.c.2.I01.D05","Recruit personnel.","24.6%","85","","","","","","","","","","","","","","","","","","","","","",""
"4.A.4.a.1.I02.D04","Explain regulations, policies, or procedures.","24.5%","138","","","","","","","","","","","","","","","","","","","","","",""
"4.A.1.a.1.I05.D01","Evaluate information related to legal matters in public or personal records.","24.5%","23","","","","","","","","","","","","","","","","","","","","","",""
"4.A.4.b.3.I02.D06","Apply multiple teaching methods.","24.5%","403","","","","","","","","","","","","","","","","","","","","","",""
"4.A.3.a.3.I03.D07","Operate equipment or vehicles to clear construction sites or move materials.","24.4%","20","","","","","","","","","","","","","","","","","","","","","",""
"4.A.4.c.3.I07.D05","Monitor resources.","24.4%","29","","","","","","","","","","","","","","","","","","","","","",""
"4.A.4.a.6.I02.D03","Customize financial products or services to meet customer needs.","24.0%","35","","","","","","","","","","","","","","","","","","","","","",""
"4.A.3.a.2.I09.D05","Adjust equipment to ensure optimal performance.","23.8%","92","","","","","","","","","","","","","","","","","","","","","",""
"4.A.4.c.3.I05.D05","Order construction or extraction materials or equipment.","23.8%","22","","","","","","","","","","","","","","","","","","","","","",""
"4.A.1.a.2.I02.D11","Monitor food services operations to ensure procedures are followed.","23.8%","22","","","","","","","","","","","","","","","","","","","","","",""
"4.A.3.b.6.I13.D01","Prepare sales or other contracts.","23.7%","145","","","","","","","","","","","","","","","","","","","","","",""
"4.A.1.a.2.I03.D01","Monitor financial information.","23.7%","44","","","","","","","","","","","","","","","","","","","","","",""
"4.A.4.a.3.I03.D07","Provide notifications to customers or patrons.","23.7%","91","","","","","","","","","","","","","","","","","","","","","",""
"4.A.4.a.2.I13.D06","Discuss designs or plans with clients.","23.7%","28","","","","","","","","","","","","","","","","","","","","","",""
"4.A.3.a.2.I04.D03","Reassemble equipment after repair.","23.6%","28","","","","","","","","","","","","","","","","","","","","","",""
"4.A.2.a.1.I04.D03","Evaluate skills of athletes or performers.","23.6%","23","","","","","","","","","","","","","","","","","","","","","",""
"4.A.1.b.2.I10.D07","Examine condition of property or products.","23.6%","71","","","","","","","","","","","","","","","","","","","","","",""
"4.A.4.a.2.I12.D02","Confer with court staff to clarify information.","23.6%","21","","","","","","","","","","","","","","","","","","","","","",""
"4.A.4.c.1.I03.D12","Disburse funds from clients accounts to creditors.","23.5%","27","","","","","","","","","","","","","","","","","","","","","",""
"4.A.3.a.3.I04.D04","Operate diagnostic imaging equipment.","23.4%","34","","","","","","","","","","","","","","","","","","","","","",""
"4.A.4.a.5.I07.D04","Implement advanced life support techniques.","23.4%","28","","","","","","","","","","","","","","","","","","","","","",""
"4.A.1.a.2.I06.D05","Enforce rules or policies governing student behavior.","23.4%","51","","","","","","","","","","","","","","","","","","","","","",""
"4.A.4.c.1.I03.D10","Take product orders from customers.","23.4%","59","","","","","","","","","","","","","","","","","","","","","",""
"4.A.2.b.2.I18.D07","Create construction or installation diagrams.","23.4%","20","","","","","","","","","","","","","","","","","","","","","",""
"4.A.3.b.1.I03.D02","Install computer hardware.","23.2%","29","","","","","","","","","","","","","","","","","","","","","",""
"4.A.4.a.5.I10.D06","Assist passengers during vehicle boarding.","23.2%","29","","","","","","","","","","","","","","","","","","","","","",""
"4.A.2.b.3.I01.D08","Maintain knowledge of current developments in area of expertise.","23.2%","58","","","","","","","","","","","","","","","","","","","","","",""
"4.A.4.c.1.I03.D03","Process medical billing information.","23.0%","28","","","","","","","","","","","","","","","","","","","","","",""
"4.A.4.b.3.I04.D12","Train personnel in organizational or compliance procedures.","23.0%","33","","","","","","","","","","","","","","","","","","","","","",""
"4.A.2.b.2.I15.D05","Establish operational policies.","23.0%","39","","","","","","","","","","","","","","","","","","","","","",""
"4.A.4.a.3.I03.D02","Present business-related information to audiences.","22.9%","30","","","","","","","","","","","","","","","","","","","","","",""
"4.A.4.a.6.I03.D05","Contact current or potential customers to promote products or services.","22.9%","85","","","","","","","","","","","","","","","","","","","","","",""
"4.A.4.b.6.I07.D06","Advise others on career or personal development.","22.8%","40","","","","","","","","","","","","","","","","","","","","","",""
"4.A.3.b.6.I08.D26","Record personnel information.","22.8%","60","","","","","","","","","","","","","","","","","","","","","",""
"4.A.1.a.1.I02.D06","Study blueprints or other instructions to determine equipment setup requirements.","22.8%","40","","","","","","","","","","","","","","","","","","","","","",""
"4.A.4.b.4.I12.D32","Coordinate project activities with other personnel or departments.","22.6%","20","","","","","","","","","","","","","","","","","","","","","",""
"4.A.1.a.2.I10.D02","Monitor the performance of computer networks.","22.6%","29","","","","","","","","","","","","","","","","","","","","","",""
"4.A.4.a.2.I07.D03","Collaborate with other teaching professionals to develop educational programs.","22.6%","51","","","","","","","","","","","","","","","","","","","","","",""
"4.A.4.b.4.I01.D13","Supervise employees.","22.6%","635","","","","","","","","","","","","","","","","","","","","","",""
"4.A.1.b.2.I04.D03","Inspect vehicles to determine overall condition.","22.5%","35","","","","","","","","","","","","","","","","","","","","","",""
"4.A.4.b.4.I12.D38","Manage healthcare operations.","22.5%","74","","","","","","","","","","","","","","","","","","","","","",""
"4.A.4.c.2.I01.D03","Hire personnel.","22.4%","233","","","","","","","","","","","","","","","","","","","","","",""
"4.A.3.a.2.I41.D05","Mark reference points on construction materials.","22.4%","83","","","","","","","","","","","","","","","","","","","","","",""
"4.A.3.b.6.I02.D02","Prepare documentation of legal proceedings.","22.4%","29","","","","","","","","","","","","","","","","","","","","","",""
"4.A.4.b.4.I12.D20","Coordinate logistics for productions or events.","22.3%","25","","","","","","","","","","","","","","","","","","","","","",""
"4.A.2.a.2.I01.D01","Verify accuracy of records.","22.1%","75","","","","","","","","","","","","","","","","","","","","","",""
"4.A.4.a.5.I01.D03","Help clients get needed services or resources.","22.1%","32","","","","","","","","","","","","","","","","","","","","","",""
"4.A.2.b.2.I01.D05","Modify treatment plans to accommodate client needs.","22.1%","35","","","","","","","","","","","","","","","","","","","","","",""
"4.A.3.b.6.I08.D12","Maintain student records.","22.1%","304","","","","","","","","","","","","","","","","","","","","","",""
"4.A.1.a.1.I14.D02","Gather customer or product information to determine customer needs.","22.1%","332","","","","","","","","","","","","","","","","","","","","","",""
"4.A.1.a.2.I03.D04","Monitor flow of cash or other resources.","22.0%","219","","","","","","","","","","","","","","","","","","","","","",""
"4.A.2.b.2.I04.D01","Create new recipes or food presentations.","22.0%","32","","","","","","","","","","","","","","","","","","","","","",""
"4.A.2.b.1.I03.D04","Approve expenditures.","21.9%","109","","","","","","","","","","","","","","","","","","","","","",""
"4.A.4.b.4.I12.D17","Direct administrative or support services.","21.9%","22","","","","","","","","","","","","","","","","","","","","","",""
"4.A.2.a.2.I03.D03","Compile data or documentation.","21.9%","195","","","","","","","","","","","","","","","","","","","","","",""
"4.A.4.b.4.I13.D05","Assign class work to students.","21.7%","187","","","","","","","","","","","","","","","","","","","","","",""
"4.A.1.a.1.I14.D01","Conduct market research.","21.6%","34","","","","","","","","","","","","","","","","","","","","","",""
"4.A.1.a.1.I02.D04","Read work orders or other instructions to determine product specifications or materials requirements.","21.6%","76","","","","","","","","","","","","","","","","","","","","","",""
"4.A.1.a.1.I02.D09","Review blueprints or specifications to determine work requirements.","21.5%","126","","","","","","","","","","","","","","","","","","","","","",""
"4.A.3.a.2.I01.D20","Install green structural components, equipment or systems.","21.4%","40","","","","","","","","","","","","","","","","","","","","","",""
"4.A.1.a.1.I12.D04","Collect information about clients.","21.3%","25","","","","","","","","","","","","","","","","","","","","","",""
"4.A.1.a.1.I12.D02","Collect medical information from patients, family members, or other medical professionals.","21.3%","36","","","","","","","","","","","","","","","","","","","","","",""
"4.A.4.b.4.I10.D05","Coordinate construction project activities.","21.3%","55","","","","","","","","","","","","","","","","","","","","","",""
"4.A.4.b.4.I12.D27","Direct facility maintenance or repair activities.","21.2%","88","","","","","","","","","","","","","","","","","","","","","",""
"4.A.4.b.4.I16.D03","Coordinate legal schedules or activities.","21.2%","29","","","","","","","","","","","","","","","","","","","","","",""
"4.A.3.a.2.I32.D01","Set up classroom materials or equipment.","21.1%","294","","","","","","","","","","","","","","","","","","","","","",""
"4.A.4.b.6.I10.D07","Counsel clients or patients regarding personal issues.","21.0%","67","","","","","","","","","","","","","","","","","","","","","",""
"4.A.2.b.1.I01.D04","Determine prices for menu items.","21.0%","25","","","","","","","","","","","","","","","","","","","","","",""
"4.A.1.b.2.I09.D04","Examine mouth, teeth, gums, or related facial structures.","20.9%","20","","","","","","","","","","","","","","","","","","","","","",""
"4.A.3.b.1.I06.D03","Enter patient or treatment data into computers.","20.9%","37","","","","","","","","","","","","","","","","","","","","","",""
"4.A.2.b.1.I08.D05","Determine resource needs.","20.7%","37","","","","","","","","","","","","","","","","","","","","","",""
"4.A.1.b.3.I01.D12","Measure dimensions of completed products or workpieces to verify conformance to specifications.","20.7%","105","","","","","","","","","","","","","","","","","","","","","",""
"4.A.1.a.1.I20.D08","Research new technologies.","20.6%","23","","","","","","","","","","","","","","","","","","","","","",""
"4.A.4.b.4.I12.D01","Direct operational or production activities.","20.5%","47","","","","","","","","","","","","","","","","","","","","","",""
"4.A.4.b.4.I03.D03","Coordinate musical rehearsals or performances.","20.4%","20","","","","","","","","","","","","","","","","","","","","","",""
"4.A.1.a.1.I17.D02","Obtain copyrights or other legal permissions.","20.3%","35","","","","","","","","","","","","","","","","","","","","","",""
"4.A.3.a.3.I04.D03","Operate diagnostic or therapeutic medical instruments or equipment.","20.2%","44","","","","","","","","","","","","","","","","","","","","","",""
"4.A.1.a.2.I05.D01","Monitor patient progress or responses to treatments.","20.1%","38","","","","","","","","","","","","","","","","","","","","","",""
"4.A.3.b.1.I05.D01","Operate computers or computerized equipment.","20.1%","135","","","","","","","","","","","","","","","","","","","","","",""
"4.A.4.a.1.I01.D01","Present work to clients for approval.","20.0%","58","","","","","","","","","","","","","","","","","","","","","",""
"4.A.3.b.6.I10.D03","Maintain financial or account records.","20.0%","116","","","","","","","","","","","","","","","","","","","","","",""
"4.A.4.b.3.I06.D05","Train patients, family members, or caregivers in techniques for managing disabilities or illnesses.","20.0%","34","","","","","","","","","","","","","","","","","","","","","",""
"4.A.4.a.3.I01.D02","Represent the interests of clients in legal proceedings.","19.8%","36","","","","","","","","","","","","","","","","","","","","","",""
"4.A.1.a.2.I01.D10","Monitor equipment operation to ensure that products are not flawed.","19.6%","36","","","","","","","","","","","","","","","","","","","","","",""
"4.A.3.b.6.I08.D03","Record operational or production data.","19.5%","146","","","","","","","","","","","","","","","","","","","","","",""
"4.A.4.a.2.I05.D05","Collaborate with healthcare professionals to plan or provide treatment.","19.5%","143","","","","","","","","","","","","","","","","","","","","","",""
"4.A.4.a.5.I10.D05","Make travel, accommodations, or entertainment arrangements for others.","19.3%","31","","","","","","","","","","","","","","","","","","","","","",""
"4.A.4.b.6.I11.D01","Advise real estate clients.","19.1%","58","","","","","","","","","","","","","","","","","","","","","",""
"4.A.4.b.6.I01.D04","Advise patients on effects of health conditions or treatments.","19.0%","24","","","","","","","","","","","","","","","","","","","","","",""
"4.A.1.a.2.I06.D06","Monitor activities of individuals to ensure safety or compliance with rules.","18.9%","315","","","","","","","","","","","","","","","","","","","","","",""
"4.A.3.b.6.I13.D02","Prepare contracts or other transaction documents.","18.9%","23","","","","","","","","","","","","","","","","","","","","","",""
"4.A.1.a.2.I08.D02","Monitor current trends.","18.9%","32","","","","","","","","","","","","","","","","","","","","","",""
"4.A.3.a.4.I01.D06","Operate vehicles or material-moving equipment.","18.8%","69","","","","","","","","","","","","","","","","","","","","","",""
"4.A.4.a.4.I01.D05","Develop professional relationships or networks.","18.8%","40","","","","","","","","","","","","","","","","","","","","","",""
"4.A.2.a.4.I06.D02","Analyze patient data to determine patient needs or treatment goals.","18.8%","37","","","","","","","","","","","","","","","","","","","","","",""
"4.A.2.a.1.I02.D06","Evaluate training programs, instructors, or materials.","18.7%","22","","","","","","","","","","","","","","","","","","","","","",""
"4.A.2.b.3.I01.D23","Review laws or regulations to maintain professional knowledge.","18.6%","57","","","","","","","","","","","","","","","","","","","","","",""
"4.A.1.a.2.I01.D05","Monitor equipment operation to ensure proper functioning.","18.6%","79","","","","","","","","","","","","","","","","","","","","","",""
"4.A.3.b.4.I04.D01","Maintain computer hardware.","18.5%","38","","","","","","","","","","","","","","","","","","","","","",""
"4.A.4.c.1.I03.D01","Operate cash registers.","18.4%","49","","","","","","","","","","","","","","","","","","","","","",""
"4.A.4.b.4.I12.D05","Coordinate sales campaigns.","18.4%","75","","","","","","","","","","","","","","","","","","","","","",""
"4.A.1.b.3.I03.D01","Calculate financial data.","18.3%","53","","","","","","","","","","","","","","","","","","","","","",""
"4.A.4.b.6.I02.D04","Recommend products or services to customers.","18.3%","178","","","","","","","","","","","","","","","","","","","","","",""
"4.A.4.a.2.I03.D15","Confer with coworkers to coordinate work activities.","18.2%","114","","","","","","","","","","","","","","","","","","","","","",""
"4.A.3.b.4.I02.D07","Lubricate equipment to allow proper functioning.","18.1%","23","","","","","","","","","","","","","","","","","","","","","",""
"4.A.2.a.2.I01.D09","Verify accuracy of financial or transactional data.","18.1%","129","","","","","","","","","","","","","","","","","","","","","",""
"4.A.2.a.1.I03.D04","Evaluate student work.","18.1%","401","","","","","","","","","","","","","","","","","","","","","",""
"4.A.1.a.2.I06.D03","Monitor student performance.","17.8%","242","","","","","","","","","","","","","","","","","","","","","",""
"4.A.4.c.3.I07.D02","Inventory materials or equipment.","17.8%","40","","","","","","","","","","","","","","","","","","","","","",""
"4.A.1.a.1.I23.D01","Interview employees, customers, or others to collect information.","17.7%","46","","","","","","","","","","","","","","","","","","","","","",""
"4.A.3.b.4.I02.D14","Maintain construction tools or equipment.","17.6%","133","","","","","","","","","","","","","","","","","","","","","",""
"4.A.1.b.1.I01.D03","Mark materials or objects for identification.","17.6%","47","","","","","","","","","","","","","","","","","","","","","",""
"4.A.4.b.3.I02.D10","Tutor students who need extra assistance.","17.6%","61","","","","","","","","","","","","","","","","","","","","","",""
"4.A.4.c.1.I05.D03","Send information, materials or documentation.","17.5%","88","","","","","","","","","","","","","","","","","","","","","",""
"4.A.3.b.6.I08.D14","Maintain data in information systems or databases.","17.4%","57","","","","","","","","","","","","","","","","","","","","","",""
"4.A.2.b.1.I08.D12","Estimate materials requirements for projects.","17.3%","49","","","","","","","","","","","","","","","","","","","","","",""
"4.A.3.a.1.I06.D01","Load shipments, belongings, or materials.","17.3%","44","","","","","","","","","","","","","","","","","","","","","",""
"4.A.1.b.2.I10.D03","Inspect shipments to ensure correct order fulfillment.","17.1%","35","","","","","","","","","","","","","","","","","","","","","",""
"4.A.4.b.4.I12.D08","Oversee business processes.","17.1%","55","","","","","","","","","","","","","","","","","","","","","",""
"4.A.3.a.1.I03.D19","Clean equipment or facilities.","17.1%","98","","","","","","","","","","","","","","","","","","","","","",""
"4.A.2.a.2.I04.D03","Prepare cash for deposit or disbursement.","17.0%","81","","","","","","","","","","","","","","","","","","","","","",""
"4.A.2.a.1.I01.D01","Evaluate potential problems in home or work environments of clients.","17.0%","25","","","","","","","","","","","","","","","","","","","","","",""
"4.A.4.a.5.I03.D03","Administer anesthetics or sedatives to control pain.","17.0%","48","","","","","","","","","","","","","","","","","","","","","",""
"4.A.4.a.2.I13.D03","Confer with clients to determine needs.","16.9%","55","","","","","","","","","","","","","","","","","","","","","",""
"4.A.2.b.1.I01.D07","Calculate costs of goods or services.","16.9%","356","","","","","","","","","","","","","","","","","","","","","",""
"4.A.3.b.6.I11.D04","Record patient medical histories.","16.9%","193","","","","","","","","","","","","","","","","","","","","","",""
"4.A.4.a.2.I11.D09","Represent the organization in external relations.","16.6%","39","","","","","","","","","","","","","","","","","","","","","",""
"4.A.4.a.7.I02.D07","Negotiate prices or other sales terms.","16.6%","108","","","","","","","","","","","","","","","","","","","","","",""
"4.A.2.b.2.I05.D03","Establish rules or policies governing student behavior.","16.5%","307","","","","","","","","","","","","","","","","","","","","","",""
"4.A.1.a.2.I03.D03","Monitor sales activities.","16.5%","140","","","","","","","","","","","","","","","","","","","","","",""
"4.A.3.b.6.I15.D05","Write operational reports.","16.4%","33","","","","","","","","","","","","","","","","","","","","","",""
"4.A.4.b.4.I13.D04","Prepare employee work schedules.","16.4%","25","","","","","","","","","","","","","","","","","","","","","",""
"4.A.3.b.6.I02.D06","Prepare investigation or incident reports.","16.4%","29","","","","","","","","","","","","","","","","","","","","","",""
"4.A.4.b.3.I04.D16","Conduct employee training programs.","16.2%","183","","","","","","","","","","","","","","","","","","","","","",""
"4.A.1.a.2.I02.D06","Monitor construction operations.","16.2%","49","","","","","","","","","","","","","","","","","","","","","",""
"4.A.4.b.5.I02.D02","Visit individuals in their homes to provide support or information.","16.2%","27","","","","","","","","","","","","","","","","","","","","","",""
"4.A.4.c.1.I03.D04","Execute sales or other financial transactions.","16.2%","205","","","","","","","","","","","","","","","","","","","","","",""
"4.A.3.b.4.I06.D05","Repair worn, damaged, or defective mechanical parts.","15.9%","40","","","","","","","","","","","","","","","","","","","","","",""
"4.A.1.b.3.I02.D07","Estimate costs for labor or materials.","15.9%","40","","","","","","","","","","","","","","","","","","","","","",""
"4.A.4.a.2.I05.D03","Collaborate with other professionals to assess client needs or plan treatments.","15.9%","84","","","","","","","","","","","","","","","","","","","","","",""
"4.A.1.b.2.I12.D05","Test mechanical equipment to ensure proper functioning.","15.8%","37","","","","","","","","","","","","","","","","","","","","","",""
"4.A.4.b.6.I07.D08","Discuss student progress with parents or guardians.","15.8%","90","","","","","","","","","","","","","","","","","","","","","",""
"4.A.4.c.3.I05.D03","Purchase materials, equipment, or other resources.","15.6%","44","","","","","","","","","","","","","","","","","","","","","",""
"4.A.4.c.3.I05.D04","Purchase stocks of merchandise or supplies.","15.6%","34","","","","","","","","","","","","","","","","","","","","","",""
"4.A.3.b.6.I08.D06","Maintain client information or service records.","15.5%","144","","","","","","","","","","","","","","","","","","","","","",""
"4.A.4.c.3.I04.D03","Collect payments for goods or services.","15.5%","78","","","","","","","","","","","","","","","","","","","","","",""
"4.A.4.b.3.I04.D07","Train others on performance techniques.","15.5%","20","","","","","","","","","","","","","","","","","","","","","",""
"4.A.1.b.2.I06.D01","Verify alignment of structures or equipment.","15.5%","42","","","","","","","","","","","","","","","","","","","","","",""
"4.A.3.b.6.I11.D02","Maintain medical facility records.","15.5%","98","","","","","","","","","","","","","","","","","","","","","",""
"4.A.4.a.1.I05.D02","Confer with family members to discuss client treatment plans or progress.","15.4%","21","","","","","","","","","","","","","","","","","","","","","",""
"4.A.1.b.2.I12.D07","Test mechanical systems to ensure proper functioning.","15.4%","47","","","","","","","","","","","","","","","","","","","","","",""
"4.A.3.a.2.I36.D01","Build models, patterns, or templates.","15.4%","35","","","","","","","","","","","","","","","","","","","","","",""
"4.A.4.a.2.I03.D17","Communicate dining or order details to kitchen personnel.","15.4%","96","","","","","","","","","","","","","","","","","","","","","",""
"4.A.4.a.2.I12.D01","Meet with individuals involved in legal processes to provide information and clarify issues.","15.2%","48","","","","","","","","","","","","","","","","","","","","","",""
"4.A.3.a.2.I40.D03","Remove products or workpieces from production equipment.","15.1%","24","","","","","","","","","","","","","","","","","","","","","",""
"4.A.2.a.3.I03.D04","Review customer insurance information.","15.0%","41","","","","","","","","","","","","","","","","","","","","","",""
"4.A.3.b.6.I08.D05","Maintain operational records.","15.0%","122","","","","","","","","","","","","","","","","","","","","","",""
"4.A.1.a.2.I01.D07","Watch operating equipment to detect malfunctions.","15.0%","25","","","","","","","","","","","","","","","","","","","","","",""
"4.A.4.c.2.I01.D08","Administer personnel recruitment or hiring activities.","15.0%","55","","","","","","","","","","","","","","","","","","","","","",""
"4.A.2.a.2.I01.D08","Check data for recording errors.","14.9%","50","","","","","","","","","","","","","","","","","","","","","",""
"4.A.4.a.8.I03.D01","Respond to customer problems or complaints.","14.9%","276","","","","","","","","","","","","","","","","","","","","","",""
"4.A.3.a.1.I10.D02","Move equipment, supplies or food to required locations.","14.8%","41","","","","","","","","","","","","","","","","","","","","","",""
"4.A.3.a.1.I17.D08","Irrigate lawns, trees, or plants.","14.8%","39","","","","","","","","","","","","","","","","","","","","","",""
"4.A.1.a.1.I02.D16","Read work orders to determine material or setup requirements.","14.8%","34","","","","","","","","","","","","","","","","","","","","","",""
"4.A.4.b.4.I01.D04","Supervise service workers.","14.8%","20","","","","","","","","","","","","","","","","","","","","","",""
"4.A.2.b.5.I03.D01","Schedule appointments.","14.6%","99","","","","","","","","","","","","","","","","","","","","","",""
"4.A.4.a.8.I03.D03","Answer customer questions about goods or services.","14.6%","496","","","","","","","","","","","","","","","","","","","","","",""
"4.A.4.a.5.I02.D01","Treat patients using psychological therapies.","14.5%","29","","","","","","","","","","","","","","","","","","","","","",""
"4.A.4.b.3.I04.D05","Train sales personnel.","14.5%","74","","","","","","","","","","","","","","","","","","","","","",""
"4.A.4.b.4.I01.D14","Supervise patient care personnel.","14.4%","116","","","","","","","","","","","","","","","","","","","","","",""
"4.A.4.b.6.I10.D03","Provide counsel, comfort, or encouragement to individuals or families.","14.3%","97","","","","","","","","","","","","","","","","","","","","","",""
"4.A.4.c.3.I02.D01","Order medical diagnostic or clinical tests.","14.3%","76","","","","","","","","","","","","","","","","","","","","","",""
"4.A.3.a.1.I10.D03","Transport animals, crops, or equipment.","14.3%","27","","","","","","","","","","","","","","","","","","","","","",""
"4.A.4.b.5.I02.D03","Encourage students.","14.3%","110","","","","","","","","","","","","","","","","","","","","","",""
"4.A.3.b.6.I11.D03","Record vital statistics or other health information.","14.2%","96","","","","","","","","","","","","","","","","","","","","","",""
"4.A.4.a.2.I03.D02","Provide information to coworkers.","14.2%","60","","","","","","","","","","","","","","","","","","","","","",""
"4.A.1.b.3.I01.D10","Measure ingredients or substances to be used in production processes.","14.1%","28","","","","","","","","","","","","","","","","","","","","","",""
"4.A.2.b.2.I01.D01","Develop treatment plans for patients or clients.","14.0%","39","","","","","","","","","","","","","","","","","","","","","",""
"4.A.3.a.1.I03.D21","Clean production equipment.","14.0%","28","","","","","","","","","","","","","","","","","","","","","",""
"4.A.4.b.6.I07.D04","Counsel clients regarding educational or vocational issues.","13.9%","48","","","","","","","","","","","","","","","","","","","","","",""
"4.A.1.b.2.I07.D01","Inspect equipment or tools to be used in construction or excavation.","13.9%","34","","","","","","","","","","","","","","","","","","","","","",""
"4.A.1.b.2.I03.D05","Test chemical or physical characteristics of materials or products.","13.8%","35","","","","","","","","","","","","","","","","","","","","","",""
"4.A.3.b.6.I14.D03","Maintain the order of legal documents.","13.8%","31","","","","","","","","","","","","","","","","","","","","","",""
"4.A.1.b.1.I02.D02","Identify potential customers.","13.6%","50","","","","","","","","","","","","","","","","","","","","","",""
"4.A.1.a.1.I14.D03","Obtain personal or financial information about customers or applicants.","13.6%","45","","","","","","","","","","","","","","","","","","","","","",""
"4.A.3.a.2.I08.D04","Decorate indoor or outdoor spaces.","13.5%","20","","","","","","","","","","","","","","","","","","","","","",""
"4.A.4.b.6.I08.D01","Provide legal advice to clients.","13.4%","48","","","","","","","","","","","","","","","","","","","","","",""
"4.A.3.b.6.I10.D02","Maintain records of sales or other business transactions.","13.4%","225","","","","","","","","","","","","","","","","","","","","","",""
"4.A.3.a.2.I41.D03","Position structural components.","13.3%","79","","","","","","","","","","","","","","","","","","","","","",""
"4.A.4.c.3.I03.D07","Distribute incoming mail.","13.2%","45","","","","","","","","","","","","","","","","","","","","","",""
"4.A.3.b.4.I06.D03","Replace worn, damaged, or defective mechanical parts.","13.2%","66","","","","","","","","","","","","","","","","","","","","","",""
"4.A.3.a.1.I11.D07","Maintain security.","13.1%","20","","","","","","","","","","","","","","","","","","","","","",""
"4.A.4.b.4.I12.D37","Coordinate operational activities.","13.1%","97","","","","","","","","","","","","","","","","","","","","","",""
"4.A.3.b.6.I11.D01","Maintain client records.","13.1%","66","","","","","","","","","","","","","","","","","","","","","",""
"4.A.3.a.1.I01.D07","Prepare medications or medical solutions.","12.9%","24","","","","","","","","","","","","","","","","","","","","","",""
"4.A.1.b.2.I09.D03","Examine patients to assess general physical condition.","12.8%","77","","","","","","","","","","","","","","","","","","","","","",""
"4.A.4.b.6.I01.D01","Provide health and wellness advice to patients, program participants, or caregivers.","12.8%","36","","","","","","","","","","","","","","","","","","","","","",""
"4.A.2.a.2.I02.D02","Sort materials or objects for processing or transport.","12.8%","67","","","","","","","","","","","","","","","","","","","","","",""
"4.A.4.c.3.I03.D03","Distribute materials to employees or customers.","12.7%","62","","","","","","","","","","","","","","","","","","","","","",""
"4.A.1.a.1.I02.D10","Review work orders or schedules to determine operations or procedures.","12.6%","57","","","","","","","","","","","","","","","","","","","","","",""
"4.A.3.a.1.I10.D10","Move construction or extraction materials to locations where they are needed.","12.6%","44","","","","","","","","","","","","","","","","","","","","","",""
"4.A.4.c.3.I04.D01","Collect deposits, payments or fees.","12.6%","234","","","","","","","","","","","","","","","","","","","","","",""
"4.A.4.a.1.I01.D03","Discuss goods or services information with customers or patrons.","12.6%","171","","","","","","","","","","","","","","","","","","","","","",""
"4.A.4.a.5.I09.D03","Assist clients in handling details of daily life.","12.5%","30","","","","","","","","","","","","","","","","","","","","","",""
"4.A.4.a.5.I01.D01","Refer customers to appropriate personnel.","12.5%","227","","","","","","","","","","","","","","","","","","","","","",""
"4.A.3.a.2.I08.D02","Set up merchandise displays.","12.4%","155","","","","","","","","","","","","","","","","","","","","","",""
"4.A.4.b.6.I10.D01","Intervene in crisis situations to assist clients.","12.4%","76","","","","","","","","","","","","","","","","","","","","","",""
"4.A.4.c.1.I03.D11","Process sales or other transactions.","12.4%","382","","","","","","","","","","","","","","","","","","","","","",""
"4.A.1.b.2.I05.D16","Inspect buildings or grounds to determine condition.","12.4%","20","","","","","","","","","","","","","","","","","","","","","",""
"4.A.1.b.2.I06.D15","Inspect completed work to ensure proper functioning.","12.3%","24","","","","","","","","","","","","","","","","","","","","","",""
"4.A.3.a.2.I42.D05","Package materials or products.","12.3%","39","","","","","","","","","","","","","","","","","","","","","",""
"4.A.3.a.2.I20.D01","Install electrical components, equipment, or systems.","12.3%","34","","","","","","","","","","","","","","","","","","","","","",""
"4.A.4.a.2.I04.D02","Confer with other personnel to resolve design or operational problems.","12.3%","24","","","","","","","","","","","","","","","","","","","","","",""
"4.A.4.c.1.I03.D06","Process customer bills or payments.","12.2%","210","","","","","","","","","","","","","","","","","","","","","",""
"4.A.1.b.2.I09.D02","Examine animals to detect illness, injury or other problems.","12.0%","21","","","","","","","","","","","","","","","","","","","","","",""
"4.A.4.b.4.I12.D13","Coordinate activities of food service staff.","11.9%","54","","","","","","","","","","","","","","","","","","","","","",""
"4.A.4.b.3.I01.D01","Teach basic living or other adaptive skills to patients or caregivers.","11.9%","48","","","","","","","","","","","","","","","","","","","","","",""
"4.A.3.a.2.I37.D07","Store items.","11.9%","20","","","","","","","","","","","","","","","","","","","","","",""
"4.A.1.b.3.I01.D16","Measure materials or objects for installation or assembly.","11.9%","85","","","","","","","","","","","","","","","","","","","","","",""
"4.A.4.c.3.I05.D01","Order materials, supplies, or equipment.","11.9%","100","","","","","","","","","","","","","","","","","","","","","",""
"4.A.3.a.1.I11.D10","Enforce rules or regulations.","11.9%","54","","","","","","","","","","","","","","","","","","","","","",""
"4.A.3.a.2.I43.D03","Install plumbing or piping.","11.8%","71","","","","","","","","","","","","","","","","","","","","","",""
"4.A.3.a.2.I11.D02","Prepare medical instruments or equipment for use.","11.8%","98","","","","","","","","","","","","","","","","","","","","","",""
"4.A.2.a.4.I06.D03","Analyze test data or images to inform diagnosis or treatment.","11.7%","43","","","","","","","","","","","","","","","","","","","","","",""
"4.A.4.b.6.I10.D02","Counsel clients or patients with substance abuse issues.","11.6%","33","","","","","","","","","","","","","","","","","","","","","",""
"4.A.3.a.2.I09.D03","Adjust equipment controls to regulate flow of production materials or products.","11.6%","33","","","","","","","","","","","","","","","","","","","","","",""
"4.A.3.b.6.I08.D20","Record shipping information.","11.5%","53","","","","","","","","","","","","","","","","","","","","","",""
"4.A.4.b.3.I06.D02","Engage patients in exercises or activities.","11.5%","74","","","","","","","","","","","","","","","","","","","","","",""
"4.A.1.a.2.I05.D06","Monitor patients to detect health problems.","11.4%","103","","","","","","","","","","","","","","","","","","","","","",""
"4.A.3.b.6.I06.D02","Document client health or progress.","11.3%","106","","","","","","","","","","","","","","","","","","","","","",""
"4.A.1.a.2.I05.D07","Monitor patient conditions during treatments, procedures, or activities.","11.2%","180","","","","","","","","","","","","","","","","","","","","","",""
"4.A.2.a.2.I05.D04","Verify accuracy of patient information.","11.2%","50","","","","","","","","","","","","","","","","","","","","","",""
"4.A.3.b.1.I06.D06","Enter information into databases or software programs.","11.2%","134","","","","","","","","","","","","","","","","","","","","","",""
"4.A.4.a.2.I08.D08","Report maintenance or equipment problems to appropriate personnel.","11.1%","57","","","","","","","","","","","","","","","","","","","","","",""
"4.A.4.c.3.I01.D01","Maintain food, beverage, or equipment inventories.","11.0%","77","","","","","","","","","","","","","","","","","","","","","",""
"4.A.2.b.6.I02.D01","Plan layout of construction, installation, or repairs.","10.9%","29","","","","","","","","","","","","","","","","","","","","","",""
"4.A.3.b.6.I02.D04","Record information about suspects or criminals.","10.8%","21","","","","","","","","","","","","","","","","","","","","","",""
"4.A.4.a.2.I04.D01","Confer with others to resolve production problems or equipment malfunctions.","10.8%","26","","","","","","","","","","","","","","","","","","","","","",""
"4.A.4.c.3.I01.D05","Maintain inventories of materials, equipment, or products.","10.7%","74","","","","","","","","","","","","","","","","","","","","","",""
"4.A.4.a.3.I03.D04","Discuss account status or activity with customers or patrons.","10.6%","116","","","","","","","","","","","","","","","","","","","","","",""
"4.A.3.b.6.I08.D01","Record details of deliveries or shipments.","10.6%","38","","","","","","","","","","","","","","","","","","","","","",""
"4.A.4.a.5.I10.D02","Greet customers, patrons, or visitors.","10.5%","593","","","","","","","","","","","","","","","","","","","","","",""
"4.A.2.b.2.I27.D03","Develop plans for programs or services.","10.5%","45","","","","","","","","","","","","","","","","","","","","","",""
"4.A.1.a.1.I02.D02","Read maps to determine routes.","10.5%","31","","","","","","","","","","","","","","","","","","","","","",""
"4.A.1.a.1.I12.D01","Gather medical information from patient histories.","10.5%","39","","","","","","","","","","","","","","","","","","","","","",""
"4.A.1.b.2.I07.D07","Inspect material-moving equipment to detect problems.","10.2%","21","","","","","","","","","","","","","","","","","","","","","",""
"4.A.3.a.1.I11.D12","Prevent unauthorized individuals from entering restricted areas.","10.2%","50","","","","","","","","","","","","","","","","","","","","","",""
"4.A.4.b.3.I05.D01","Instruct workers to use equipment or perform technical procedures.","10.2%","40","","","","","","","","","","","","","","","","","","","","","",""
"4.A.1.a.2.I06.D07","Monitor student behavior, social development, or health.","10.2%","290","","","","","","","","","","","","","","","","","","","","","",""
"4.A.4.a.5.I11.D03","Adjust positions of patients on beds or tables.","10.2%","114","","","","","","","","","","","","","","","","","","","","","",""
"4.A.4.a.5.I07.D03","Treat medical emergencies.","10.2%","23","","","","","","","","","","","","","","","","","","","","","",""
"4.A.1.b.2.I12.D03","Test electrical equipment or systems to ensure proper functioning.","10.2%","55","","","","","","","","","","","","","","","","","","","","","",""
"4.A.4.b.3.I02.D13","Read to students.","10.1%","157","","","","","","","","","","","","","","","","","","","","","",""
"4.A.1.b.2.I06.D03","Inspect finishes of workpieces or finished products.","10.1%","36","","","","","","","","","","","","","","","","","","","","","",""
"4.A.2.a.3.I01.D02","Examine documents to verify adherence to requirements.","10.1%","37","","","","","","","","","","","","","","","","","","","","","",""
"4.A.1.b.2.I06.D06","Inspect work to ensure standards are met.","10.1%","23","","","","","","","","","","","","","","","","","","","","","",""
"4.A.3.a.2.I19.D02","Disassemble equipment for maintenance or repair.","10.1%","26","","","","","","","","","","","","","","","","","","","","","",""
"4.A.4.b.4.I01.D16","Supervise sales or support personnel.","10.1%","131","","","","","","","","","","","","","","","","","","","","","",""
"4.A.3.a.4.I01.D04","Follow safety procedures for vehicle operation.","9.7%","84","","","","","","","","","","","","","","","","","","","","","",""
"4.A.3.b.6.I08.D07","Maintain inventory records.","9.7%","37","","","","","","","","","","","","","","","","","","","","","",""
"4.A.3.a.1.I15.D02","Serve food or beverages.","9.6%","107","","","","","","","","","","","","","","","","","","","","","",""
"4.A.3.a.1.I10.D08","Move furniture.","9.6%","31","","","","","","","","","","","","","","","","","","","","","",""
"4.A.4.a.5.I12.D05","Treat animal injuries or illnesses.","9.6%","22","","","","","","","","","","","","","","","","","","","","","",""
"4.A.3.b.4.I02.D06","Maintain forestry, hunting, or agricultural equipment.","9.6%","27","","","","","","","","","","","","","","","","","","","","","",""
"4.A.3.a.1.I08.D03","Clean tableware.","9.5%","149","","","","","","","","","","","","","","","","","","","","","",""
"4.A.4.c.1.I05.D01","Receive shipments.","9.5%","24","","","","","","","","","","","","","","","","","","","","","",""
"4.A.1.b.2.I04.D01","Inspect motor vehicles.","9.5%","85","","","","","","","","","","","","","","","","","","","","","",""
"4.A.3.b.4.I03.D02","Repair electrical equipment.","9.5%","24","","","","","","","","","","","","","","","","","","","","","",""
"4.A.1.a.1.I01.D01","Review art or design materials.","9.4%","35","","","","","","","","","","","","","","","","","","","","","",""
"4.A.3.a.1.I15.D03","Collect dirty dishes or other tableware.","9.4%","110","","","","","","","","","","","","","","","","","","","","","",""
"4.A.4.a.5.I02.D03","Administer therapy treatments to patients using hands or physical treatment aids.","9.4%","45","","","","","","","","","","","","","","","","","","","","","",""
"4.A.4.a.5.I03.D06","Administer non-intravenous medications.","9.3%","100","","","","","","","","","","","","","","","","","","","","","",""
"4.A.3.a.1.I03.D22","Clean work areas or facilities.","9.3%","79","","","","","","","","","","","","","","","","","","","","","",""
"4.A.2.b.1.I01.D06","Estimate costs of goods or services.","9.2%","20","","","","","","","","","","","","","","","","","","","","","",""
"4.A.4.b.3.I04.D04","Train personnel.","9.2%","36","","","","","","","","","","","","","","","","","","","","","",""
"4.A.1.a.1.I02.D14","Interpret blueprints, specifications, or diagrams to inform installation, development or operation activities.","9.1%","21","","","","","","","","","","","","","","","","","","","","","",""
"4.A.1.b.1.I01.D04","Mark products, workpieces, or equipment with identifying information.","9.1%","55","","","","","","","","","","","","","","","","","","","","","",""
"4.A.2.b.2.I25.D01","Create musical compositions, arrangements or scores.","9.1%","21","","","","","","","","","","","","","","","","","","","","","",""
"4.A.4.c.1.I03.D09","Take customer orders.","9.0%","211","","","","","","","","","","","","","","","","","","","","","",""
"4.A.2.b.1.I10.D03","Select materials or props.","9.0%","29","","","","","","","","","","","","","","","","","","","","","",""
"4.A.4.a.8.I03.D04","Communicate with customers to resolve complaints or ensure satisfaction.","8.9%","196","","","","","","","","","","","","","","","","","","","","","",""
"4.A.2.b.1.I04.D01","Determine metal or plastic production methods.","8.8%","22","","","","","","","","","","","","","","","","","","","","","",""
"4.A.1.b.2.I07.D20","Inspect mechanical equipment to locate damage, defects, or wear.","8.7%","35","","","","","","","","","","","","","","","","","","","","","",""
"4.A.4.b.4.I12.D22","Manage food service operations or parts of operations.","8.7%","51","","","","","","","","","","","","","","","","","","","","","",""
"4.A.4.a.5.I03.D08","Administer intravenous medications.","8.7%","20","","","","","","","","","","","","","","","","","","","","","",""
"4.A.2.b.5.I02.D01","Schedule product or material transportation.","8.6%","47","","","","","","","","","","","","","","","","","","","","","",""
"4.A.3.a.2.I08.D05","Arrange items for use or display.","8.6%","36","","","","","","","","","","","","","","","","","","","","","",""
"4.A.1.a.2.I07.D03","Monitor building premises to ensure occupant or visitor safety.","8.6%","98","","","","","","","","","","","","","","","","","","","","","",""
"4.A.3.a.1.I07.D10","Finish concrete surfaces.","8.6%","72","","","","","","","","","","","","","","","","","","","","","",""
"4.A.3.a.2.I03.D06","Prepare hot or cold beverages.","8.6%","25","","","","","","","","","","","","","","","","","","","","","",""
"4.A.2.a.2.I04.D01","Reconcile records of sales or other financial transactions.","8.5%","160","","","","","","","","","","","","","","","","","","","","","",""
"4.A.3.a.1.I03.D12","Clean facilities or sites.","8.4%","186","","","","","","","","","","","","","","","","","","","","","",""
"4.A.3.b.6.I08.D09","Maintain records, documents, or other files.","8.4%","51","","","","","","","","","","","","","","","","","","","","","",""
"4.A.4.a.1.I05.D04","Explain technical medical information to patients.","8.3%","28","","","","","","","","","","","","","","","","","","","","","",""
"4.A.1.a.2.I05.D02","Monitor clients to evaluate treatment progress.","8.3%","30","","","","","","","","","","","","","","","","","","","","","",""
"4.A.4.a.5.I07.D02","Administer first aid.","8.2%","31","","","","","","","","","","","","","","","","","","","","","",""
"4.A.1.a.1.I23.D06","Interview patients to gather medical information.","8.2%","78","","","","","","","","","","","","","","","","","","","","","",""
"4.A.4.a.5.I12.D02","Treat acute illnesses, infections, or injuries.","8.1%","89","","","","","","","","","","","","","","","","","","","","","",""
"4.A.4.a.5.I11.D02","Hold patients to ensure proper positioning or safety.","8.0%","119","","","","","","","","","","","","","","","","","","","","","",""
"4.A.1.b.3.I01.D09","Measure ingredients.","8.0%","50","","","","","","","","","","","","","","","","","","","","","",""
"4.A.4.c.3.I04.D02","Collect fares or payment from customers.","7.9%","62","","","","","","","","","","","","","","","","","","","","","",""
"4.A.3.a.2.I36.D05","Build construction forms or molds.","7.9%","34","","","","","","","","","","","","","","","","","","","","","",""
"4.A.3.a.1.I01.D03","Mix ingredients.","7.8%","39","","","","","","","","","","","","","","","","","","","","","",""
"4.A.3.a.2.I18.D01","Direct vehicle traffic.","7.7%","35","","","","","","","","","","","","","","","","","","","","","",""
"4.A.3.a.2.I03.D08","Arrange food for serving.","7.5%","68","","","","","","","","","","","","","","","","","","","","","",""
"4.A.2.a.2.I04.D02","Balance receipts.","7.4%","86","","","","","","","","","","","","","","","","","","","","","",""
"4.A.3.a.2.I32.D02","Arrange childcare or educational settings to ensure physical safety of children.","7.4%","69","","","","","","","","","","","","","","","","","","","","","",""
"4.A.3.a.1.I16.D03","Practice athletic or artistic skills.","7.4%","26","","","","","","","","","","","","","","","","","","","","","",""
"4.A.4.a.5.I03.D01","Give medications or immunizations.","7.3%","94","","","","","","","","","","","","","","","","","","","","","",""
"4.A.4.a.3.I03.D11","Answer telephones to direct calls or provide information.","7.2%","234","","","","","","","","","","","","","","","","","","","","","",""
"4.A.3.a.1.I10.D05","Deliver items.","7.1%","76","","","","","","","","","","","","","","","","","","","","","",""
"4.A.3.a.4.I01.D07","Operate transportation equipment to demonstrate function or malfunction.","7.1%","28","","","","","","","","","","","","","","","","","","","","","",""
"4.A.1.a.2.I02.D12","Monitor loading processes to ensure they are performed properly.","7.1%","20","","","","","","","","","","","","","","","","","","","","","",""
"4.A.1.b.2.I07.D15","Inspect production equipment.","7.1%","57","","","","","","","","","","","","","","","","","","","","","",""
"4.A.2.b.1.I10.D04","Select equipment, materials, or supplies for cleaning or maintenance activities.","7.0%","57","","","","","","","","","","","","","","","","","","","","","",""
"4.A.4.b.3.I05.D06","Demonstrate activity techniques or equipment use.","7.0%","32","","","","","","","","","","","","","","","","","","","","","",""
"4.A.3.a.1.I03.D04","Clean equipment or supplies.","6.8%","122","","","","","","","","","","","","","","","","","","","","","",""
"4.A.4.a.2.I08.D02","Notify others of equipment repair or maintenance needs.","6.8%","59","","","","","","","","","","","","","","","","","","","","","",""
"4.A.3.a.2.I41.D04","Align parts or workpieces to ensure proper assembly.","6.6%","28","","","","","","","","","","","","","","","","","","","","","",""
"4.A.3.a.4.I01.D14","Drive passenger vehicles.","6.6%","49","","","","","","","","","","","","","","","","","","","","","",""
"4.A.4.a.5.I09.D09","Assist patients with daily activities.","6.6%","183","","","","","","","","","","","","","","","","","","","","","",""
"4.A.4.a.8.I01.D03","Perform music for the public.","6.6%","32","","","","","","","","","","","","","","","","","","","","","",""
"4.A.3.a.2.I03.D01","Cut cooked or raw foods.","6.6%","27","","","","","","","","","","","","","","","","","","","","","",""
"4.A.4.b.4.I01.D09","Supervise activities of other legal personnel.","6.6%","27","","","","","","","","","","","","","","","","","","","","","",""
"4.A.3.a.1.I05.D01","Dispose of biomedical waste in accordance with standards.","6.5%","95","","","","","","","","","","","","","","","","","","","","","",""
"4.A.3.a.2.I37.D06","Stock supplies or merchandise.","6.5%","81","","","","","","","","","","","","","","","","","","","","","",""
"4.A.1.b.2.I05.D03","Inspect facilities, equipment or supplies to ensure conformance to standards.","6.5%","113","","","","","","","","","","","","","","","","","","","","","",""
"4.A.3.b.4.I02.D16","Maintain work equipment or machinery.","6.5%","47","","","","","","","","","","","","","","","","","","","","","",""
"4.A.3.a.3.I08.D03","Operate cranes, hoists, or other moving or lifting equipment.","6.5%","55","","","","","","","","","","","","","","","","","","","","","",""
"4.A.3.a.1.I03.D11","Clean building walls or flooring.","6.3%","134","","","","","","","","","","","","","","","","","","","","","",""
"4.A.3.a.1.I03.D02","Clean food preparation areas, facilities, or equipment.","6.1%","215","","","","","","","","","","","","","","","","","","","","","",""
"4.A.1.a.2.I01.D09","Assess equipment functioning.","6.1%","34","","","","","","","","","","","","","","","","","","","","","",""
"4.A.4.c.2.I02.D01","Perform human resources activities.","6.1%","22","","","","","","","","","","","","","","","","","","","","","",""
"4.A.4.a.5.I03.D02","Administer basic health care or medical treatments.","6.1%","120","","","","","","","","","","","","","","","","","","","","","",""
"4.A.3.a.2.I37.D05","Stock serving stations or dining areas with food or supplies.","6.0%","87","","","","","","","","","","","","","","","","","","","","","",""
"4.A.3.a.2.I03.D07","Cook foods.","6.0%","265","","","","","","","","","","","","","","","","","","","","","",""
"4.A.1.a.2.I07.D02","Monitor access or flow of people to prevent problems.","6.0%","42","","","","","","","","","","","","","","","","","","","","","",""
"4.A.3.a.1.I03.D14","Clean machinery or equipment.","6.0%","22","","","","","","","","","","","","","","","","","","","","","",""
"4.A.3.a.2.I03.D11","Prepare foods or meals.","5.9%","129","","","","","","","","","","","","","","","","","","","","","",""
"4.A.2.a.3.I01.D04","Review documents or materials for compliance with policies or regulations.","5.9%","33","","","","","","","","","","","","","","","","","","","","","",""
"4.A.4.a.2.I13.D04","Confer with customers or users to assess problems.","5.9%","41","","","","","","","","","","","","","","","","","","","","","",""
"4.A.3.a.1.I03.D15","Clean tools or equipment.","5.9%","118","","","","","","","","","","","","","","","","","","","","","",""
"4.A.4.a.5.I11.D04","Position patients for treatment or examination.","5.9%","31","","","","","","","","","","","","","","","","","","","","","",""
"4.A.2.b.3.I01.D04","Attend events to develop professional knowledge.","5.8%","44","","","","","","","","","","","","","","","","","","","","","",""
"4.A.3.a.2.I01.D08","Assemble temporary equipment or structures.","5.8%","66","","","","","","","","","","","","","","","","","","","","","",""
"4.A.2.a.2.I02.D01","Sort mail.","5.7%","55","","","","","","","","","","","","","","","","","","","","","",""
"4.A.3.a.1.I03.D13","Clean work sites.","5.7%","58","","","","","","","","","","","","","","","","","","","","","",""
"4.A.4.a.2.I08.D07","Notify others of emergencies, problems, or hazards.","5.6%","62","","","","","","","","","","","","","","","","","","","","","",""
"4.A.3.a.1.I03.D05","Clean work areas.","5.6%","66","","","","","","","","","","","","","","","","","","","","","",""
"4.A.1.b.2.I12.D09","Test electrical circuits or components for proper functioning.","5.6%","27","","","","","","","","","","","","","","","","","","","","","",""
"4.A.4.c.1.I03.D05","Issue money, credit, or vouchers.","5.6%","96","","","","","","","","","","","","","","","","","","","","","",""
"4.A.1.a.1.I23.D07","Interview claimants to get information related to legal proceedings.","5.5%","24","","","","","","","","","","","","","","","","","","","","","",""
"4.A.2.a.3.I01.D08","Proofread documents, records, or other files to ensure accuracy.","5.5%","34","","","","","","","","","","","","","","","","","","","","","",""
"4.A.4.a.5.I01.D06","Refer clients to community or social service programs.","5.5%","20","","","","","","","","","","","","","","","","","","","","","",""
"4.A.3.a.1.I03.D03","Clean furniture or fixtures.","5.5%","132","","","","","","","","","","","","","","","","","","","","","",""
"4.A.1.b.2.I05.D06","Monitor cargo area conditions.","5.4%","22","","","","","","","","","","","","","","","","","","","","","",""
"4.A.3.b.4.I02.D02","Maintain production or processing equipment.","5.4%","35","","","","","","","","","","","","","","","","","","","","","",""
"4.A.4.a.5.I10.D08","Assist customers with seating arrangements.","5.4%","77","","","","","","","","","","","","","","","","","","","","","",""
"4.A.4.b.4.I12.D15","Coordinate timing of food production activities.","5.4%","28","","","","","","","","","","","","","","","","","","","","","",""
"4.A.3.a.2.I03.D02","Prepare foods for cooking or serving.","5.3%","101","","","","","","","","","","","","","","","","","","","","","",""
"4.A.1.a.1.I23.D08","Interview clients to gather information about their backgrounds, needs, or progress.","5.3%","60","","","","","","","","","","","","","","","","","","","","","",""
"4.A.4.a.5.I09.D07","Assist individuals with special needs.","5.3%","160","","","","","","","","","","","","","","","","","","","","","",""
"4.A.3.a.2.I01.D01","Install carpet or flooring.","5.3%","39","","","","","","","","","","","","","","","","","","","","","",""
"4.A.4.a.5.I04.D02","Care for animals.","5.2%","44","","","","","","","","","","","","","","","","","","","","","",""
"4.A.4.a.2.I08.D05","Report vehicle or equipment malfunctions.","5.2%","65","","","","","","","","","","","","","","","","","","","","","",""
"4.A.3.a.1.I10.D04","Move materials, equipment, or supplies.","5.2%","79","","","","","","","","","","","","","","","","","","","","","",""
"4.A.2.a.1.I06.D01","Assess physical conditions of patients to aid in diagnosis or treatment.","5.2%","147","","","","","","","","","","","","","","","","","","","","","",""
"4.A.4.a.2.I03.D11","Relay information between personnel.","5.1%","40","","","","","","","","","","","","","","","","","","","","","",""
"4.A.4.b.4.I01.D08","Supervise clerical or administrative personnel.","5.0%","33","","","","","","","","","","","","","","","","","","","","","",""
"4.A.3.a.1.I06.D09","Secure cargo.","5.0%","35","","","","","","","","","","","","","","","","","","","","","",""
"4.A.1.b.2.I12.D08","Conduct test runs of production equipment.","4.9%","21","","","","","","","","","","","","","","","","","","","","","",""
"4.A.4.a.2.I03.D12","Communicate with coworkers to coordinate installations or repairs.","4.9%","21","","","","","","","","","","","","","","","","","","","","","",""
"4.A.3.a.2.I06.D01","Feed materials or products into or through equipment.","4.9%","56","","","","","","","","","","","","","","","","","","","","","",""
"4.A.3.a.1.I01.D05","Prepare chemicals for work application.","4.8%","63","","","","","","","","","","","","","","","","","","","","","",""
"4.A.4.c.3.I06.D03","Prescribe medications.","4.7%","38","","","","","","","","","","","","","","","","","","","","","",""
"4.A.4.b.3.I06.D07","Teach health or hygiene practices.","4.7%","115","","","","","","","","","","","","","","","","","","","","","",""
"4.A.3.a.1.I03.D09","Clean facilities or work areas.","4.6%","20","","","","","","","","","","","","","","","","","","","","","",""
"4.A.3.a.1.I06.D11","Unload materials or equipment.","4.6%","24","","","","","","","","","","","","","","","","","","","","","",""
"4.A.3.a.1.I05.D07","Dispose of trash or waste materials.","4.5%","156","","","","","","","","","","","","","","","","","","","","","",""
"4.A.4.b.4.I10.D02","Direct construction or extraction personnel.","4.4%","43","","","","","","","","","","","","","","","","","","","","","",""
"4.A.4.a.2.I03.D05","Discuss problems or issues with supervisors.","4.4%","36","","","","","","","","","","","","","","","","","","","","","",""
"4.A.3.b.6.I11.D05","Maintain medical records.","4.4%","83","","","","","","","","","","","","","","","","","","","","","",""
"4.A.4.a.5.I09.D01","Feed patients.","4.4%","180","","","","","","","","","","","","","","","","","","","","","",""
"4.A.4.a.2.I03.D03","Confer with coworkers to coordinate maintenance or cleaning activities.","4.3%","37","","","","","","","","","","","","","","","","","","","","","",""
"4.A.2.b.5.I01.D02","Schedule dining reservations.","4.1%","41","","","","","","","","","","","","","","","","","","","","","",""
"4.A.3.a.3.I01.D01","Operate office equipment.","4.1%","109","","","","","","","","","","","","","","","","","","","","","",""
"4.A.3.a.1.I03.D24","Remove snow.","4.0%","24","","","","","","","","","","","","","","","","","","","","","",""
"4.A.4.b.6.I10.D04","Counsel clients regarding interpersonal issues.","3.9%","34","","","","","","","","","","","","","","","","","","","","","",""
"4.A.3.a.1.I03.D23","Clean food service areas.","3.9%","185","","","","","","","","","","","","","","","","","","","","","",""
"4.A.4.a.5.I03.D07","Immunize patients.","3.8%","97","","","","","","","","","","","","","","","","","","","","","",""
"4.A.1.a.2.I07.D09","Monitor work areas or procedures to ensure compliance with safety procedures.","3.8%","35","","","","","","","","","","","","","","","","","","","","","",""
"4.A.1.a.2.I05.D05","Monitor health or behavior of people or animals.","3.6%","141","","","","","","","","","","","","","","","","","","","","","",""
"4.A.3.a.2.I12.D07","Cut wood components for installation.","3.6%","62","","","","","","","","","","","","","","","","","","","","","",""
"4.A.4.a.5.I05.D02","Respond to emergencies to provide assistance.","3.6%","58","","","","","","","","","","","","","","","","","","","","","",""
"4.A.2.a.1.I06.D05","Assess skin or hair conditions.","3.6%","41","","","","","","","","","","","","","","","","","","","","","",""
"4.A.4.c.1.I01.D02","File documents or records.","3.5%","60","","","","","","","","","","","","","","","","","","","","","",""
"4.A.1.b.2.I06.D12","Check quality of foods or supplies.","3.4%","102","","","","","","","","","","","","","","","","","","","","","",""
"4.A.3.b.4.I08.D02","Maintain vehicles in good working condition.","3.2%","48","","","","","","","","","","","","","","","","","","","","","",""
"4.A.3.a.2.I33.D07","Treat greenery or surfaces with protective substances.","3.2%","22","","","","","","","","","","","","","","","","","","","","","",""
"4.A.1.a.1.I02.D05","Read technical information needed to perform maintenance or repairs.","3.2%","27","","","","","","","","","","","","","","","","","","","","","",""
"4.A.3.a.1.I03.D18","Perform housekeeping duties.","3.0%","140","","","","","","","","","","","","","","","","","","","","","",""
"4.A.1.a.1.I02.D13","Read work orders or descriptions of problems to determine repairs or modifications needed.","3.0%","31","","","","","","","","","","","","","","","","","","","","","",""
"4.A.4.a.5.I03.D11","Apply bandages, dressings, or splints.","2.8%","76","","","","","","","","","","","","","","","","","","","","","",""
"4.A.3.a.3.I11.D03","Operate grounds maintenance equipment.","2.7%","37","","","","","","","","","","","","","","","","","","","","","",""
"4.A.3.a.1.I03.D07","Clean patient rooms or patient treatment rooms.","2.7%","30","","","","","","","","","","","","","","","","","","","","","",""
"4.A.4.b.3.I04.D13","Train construction or extraction personnel.","2.7%","23","","","","","","","","","","","","","","","","","","","","","",""
"4.A.3.a.3.I10.D01","Operate communications equipment or systems.","2.6%","29","","","","","","","","","","","","","","","","","","","","","",""
"4.A.4.b.6.I07.D03","Discuss child development and behavior with parents or guardians.","2.5%","39","","","","","","","","","","","","","","","","","","","","","",""
"4.A.3.a.1.I03.D25","Clean vehicles or vehicle components.","2.5%","38","","","","","","","","","","","","","","","","","","","","","",""
"4.A.3.a.2.I42.D06","Package objects for shipping.","2.5%","26","","","","","","","","","","","","","","","","","","","","","",""
"4.A.3.a.1.I07.D02","Prepare surfaces for finishing.","2.1%","21","","","","","","","","","","","","","","","","","","","","","",""
"4.A.3.b.6.I02.D03","Record information about legal matters.","2.1%","22","","","","","","","","","","","","","","","","","","","","","",""
"4.A.3.a.2.I04.D08","Install machine or equipment replacement parts.","2.0%","25","","","","","","","","","","","","","","","","","","","","","",""
"4.A.3.a.1.I11.D01","Use weapons or physical force to maintain security.","1.8%","39","","","","","","","","","","","","","","","","","","","","","",""
"4.A.1.a.2.I02.D14","Inspect cargo to ensure it is properly loaded or secured.","1.7%","48","","","","","","","","","","","","","","","","","","","","","",""
"4.A.1.a.2.I06.D02","Monitor patron activities to identify problems or potential problems.","1.5%","20","","","","","","","","","","","","","","","","","","","","","",""
"4.A.2.b.1.I06.D02","Diagnose medical conditions.","1.5%","22","","","","","","","","","","","","","","","","","","","","","",""
"4.A.4.a.2.I03.D06","Communicate with others to coordinate vehicle movement.","1.4%","21","","","","","","","","","","","","","","","","","","","","","",""
"4.A.4.b.3.I01.D02","Teach life skills or strategies to clients or their families.","1.4%","30","","","","","","","","","","","","","","","","","","","","","",""
"4.A.3.a.2.I14.D02","Trim trees or other vegetation.","1.4%","45","","","","","","","","","","","","","","","","","","","","","",""
"4.A.3.a.1.I12.D04","Accompany patients or clients on outings to provide assistance.","1.2%","68","","","","","","","","","","","","","","","","","","","","","",""
"4.A.3.a.1.I11.D05","Maintain public order or security.","1.2%","66","","","","","","","","","","","","","","","","","","","","","",""
"4.A.3.a.1.I09.D02","Clean medical equipment.","0.9%","40","","","","","","","","","","","","","","","","","","","","","",""
"4.A.3.a.2.I34.D05","Thread wire or cable through ducts or conduits.","0.7%","27","","","","","","","","","","","","","","","","","","","","","",""
"4.A.1.a.2.I07.D05","Patrol properties to maintain safety.","0.5%","39","","","","","","","","","","","","","","","","","","","","","",""
"4.A.3.a.1.I11.D02","Block physical access to restricted areas.","0.4%","43","","","","","","","","","","","","","","","","","","","","","",""
"4.A.4.a.5.I07.D01","Provide first aid or rescue assistance in emergencies.","0.4%","38","","","","","","","","","","","","","","","","","","","","","",""
"4.A.1.a.1.I03.D07","Investigate illegal or suspicious activities.","0.3%","50","","","","","","","","","","","","","","","","","","","","","",""
"4.A.4.b.4.I12.D29","Arrange delivery of goods or services.","0.0%","23","","","","","","","","","","","","","","","","","","","","","",""
"4.A.4.a.5.I11.D01","Assist practitioners to perform medical procedures.","0.0%","37","","","","","","","","","","","","","","","","","","","","","",""
"4.A.3.a.2.I38.D01","Collect biological specimens from patients.","0.0%","34","","","","","","","","","","","","","","","","","","","","","",""
"4.A.3.a.4.I01.D12","Drive trucks or other vehicles to or at work sites.","0.0%","32","","","","","","","","","","","","","","","","","","","","","",""
"4.A.1.b.2.I07.D08","Inspect electrical or electronic systems for defects.","0.0%","28","","","","","","","","","","","","","","","","","","","","","",""
"4.A.3.b.4.I09.D01","Maintain medical equipment or instruments.","0.0%","33","","","","","","","","","","","","","","","","","","","","","",""
"4.A.1.b.2.I09.D05","Measure the physical or physiological attributes of patients.","0.0%","25","","","","","","","","","","","","","","","","","","","","","",""
"4.A.3.a.2.I11.D03","Prepare patient treatment areas for use.","0.0%","27","","","","","","","","","","","","","","","","","","","","","",""
"4.A.4.a.3.I03.D01","Present food or beverage information or menus to customers.","0.0%","34","","","","","","","","","","","","","","","","","","","","","",""
"4.A.3.b.6.I08.D22","Record service or repair activities.","0.0%","34","","","","","","","","","","","","","","","","","","","","","",""
"4.A.3.a.1.I09.D01","Sterilize medical equipment or instruments.","0.0%","46","","","","","","","","","","","","","","","","","","","","","",""
"4.A.4.c.3.I05.D08","Acquire supplies or equipment.","","9","","","","","","","","","","","","","","","","","","","","","",""
"4.A.3.a.2.I24.D02","Adjust dental devices or appliances to ensure fit.","","1","","","","","","","","","","","","","","","","","","","","","",""
"4.A.3.a.2.I09.D13","Adjust equipment controls to regulate flow of water, cleaning solutions, or other liquids.","","12","","","","","","","","","","","","","","","","","","","","","",""
"4.A.3.a.2.I09.D02","Adjust equipment controls to regulate gas flow.","","6","","","","","","","","","","","","","","","","","","","","","",""
"4.A.3.a.2.I06.D05","Adjust fabrics or other materials during garment production.","","6","","","","","","","","","","","","","","","","","","","","","",""
"4.A.3.a.2.I09.D14","Adjust flow of electricity to tools or production equipment.","","3","","","","","","","","","","","","","","","","","","","","","",""
"4.A.3.a.2.I24.D01","Adjust prostheses or other assistive devices.","","1","","","","","","","","","","","","","","","","","","","","","",""
"4.A.2.b.6.I02.D05","Adjust routes or speeds as necessary.","","3","","","","","","","","","","","","","","","","","","","","","",""
"4.A.3.a.2.I09.D09","Adjust settings or positions of medical equipment.","","12","","","","","","","","","","","","","","","","","","","","","",""
"4.A.3.a.2.I09.D07","Adjust temperature controls of ovens or other heating equipment.","","18","","","","","","","","","","","","","","","","","","","","","",""
"4.A.3.a.2.I09.D11","Adjust the tension of nuts or bolts.","","2","","","","","","","","","","","","","","","","","","","","","",""
"4.A.3.a.2.I09.D01","Adjust tuning or functioning of musical instruments.","","1","","","","","","","","","","","","","","","","","","","","","",""
"4.A.3.a.2.I09.D15","Adjust vehicle components according to specifications.","","3","","","","","","","","","","","","","","","","","","","","","",""
"4.A.4.a.5.I12.D06","Administer cancer treatments.","","2","","","","","","","","","","","","","","","","","","","","","",""
"4.A.1.b.2.I01.D06","Administer drug screening tests.","","17","","","","","","","","","","","","","","","","","","","","","",""
"4.A.4.a.5.I03.D10","Administer medical substances for imaging or other procedures.","","1","","","","","","","","","","","","","","","","","","","","","",""
"4.A.4.c.2.I02.D03","Administer standardized physical or psychological tests.","","16","","","","","","","","","","","","","","","","","","","","","",""
"4.A.4.a.5.I02.D04","Administer therapeutic massages.","","13","","","","","","","","","","","","","","","","","","","","","",""
"4.A.4.b.6.I06.D03","Advise clients or community groups on health issues.","","10","","","","","","","","","","","","","","","","","","","","","",""
"4.A.4.b.6.I06.D02","Advise communities or institutions regarding health or safety issues.","","5","","","","","","","","","","","","","","","","","","","","","",""
"4.A.4.b.6.I02.D03","Advise customers on the use of products or services.","","6","","","","","","","","","","","","","","","","","","","","","",""
"4.A.4.b.6.I07.D05","Advise educators on curricula, instructional methods, or policies.","","15","","","","","","","","","","","","","","","","","","","","","",""
"4.A.4.b.6.I06.D01","Advise medical personnel regarding healthcare issues.","","15","","","","","","","","","","","","","","","","","","","","","",""
"4.A.4.b.6.I03.D01","Advise others about environmental management or conservation.","","6","","","","","","","","","","","","","","","","","","","","","",""
"4.A.4.b.6.I03.D04","Advise others about land management or conservation.","","2","","","","","","","","","","","","","","","","","","","","","",""
"4.A.4.b.6.I07.D07","Advise others on educational matters.","","9","","","","","","","","","","","","","","","","","","","","","",""
"4.A.4.b.6.I05.D01","Advise others on farming or forestry operations, regulations, or equipment.","","3","","","","","","","","","","","","","","","","","","","","","",""
"4.A.4.b.6.I06.D05","Advise others on healthcare matters.","","1","","","","","","","","","","","","","","","","","","","","","",""
"4.A.4.b.6.I05.D08","Advise others on human resources topics.","","3","","","","","","","","","","","","","","","","","","","","","",""
"4.A.4.b.6.I05.D06","Advise others on issues related to repairs, installation, or equipment design.","","4","","","","","","","","","","","","","","","","","","","","","",""
"4.A.4.b.6.I09.D01","Advise others on management of emergencies or hazardous situations or materials.","","1","","","","","","","","","","","","","","","","","","","","","",""
"4.A.4.b.6.I08.D02","Advise others on matters of public policy.","","6","","","","","","","","","","","","","","","","","","","","","",""
"4.A.4.b.6.I04.D04","Advise others on the development or use of new technologies.","","3","","","","","","","","","","","","","","","","","","","","","",""
"4.A.4.b.6.I05.D11","Advise others on ways to improve processes or products.","","7","","","","","","","","","","","","","","","","","","","","","",""
"4.A.4.b.6.I03.D02","Advise others regarding green practices or environmental concerns.","","5","","","","","","","","","","","","","","","","","","","","","",""
"4.A.4.b.6.I01.D02","Advise patients on preventive care techniques.","","7","","","","","","","","","","","","","","","","","","","","","",""
"4.A.3.a.2.I41.D01","Align equipment or machinery.","","11","","","","","","","","","","","","","","","","","","","","","",""
"4.A.3.a.2.I41.D07","Align masonry materials.","","5","","","","","","","","","","","","","","","","","","","","","",""
"4.A.2.a.4.I10.D05","Analyze biological samples.","","10","","","","","","","","","","","","","","","","","","","","","",""
"4.A.2.a.4.I11.D01","Analyze budgetary or accounting data.","","6","","","","","","","","","","","","","","","","","","","","","",""
"4.A.2.a.4.I10.D06","Analyze chemical compounds or substances.","","9","","","","","","","","","","","","","","","","","","","","","",""
"4.A.2.a.4.I02.D07","Analyze consumer trends.","","16","","","","","","","","","","","","","","","","","","","","","",""
"4.A.2.a.4.I10.D03","Analyze crime scene evidence.","","4","","","","","","","","","","","","","","","","","","","","","",""
"4.A.2.a.1.I10.D02","Analyze data to determine project feasibility.","","8","","","","","","","","","","","","","","","","","","","","","",""
"4.A.2.a.4.I05.D06","Analyze design or requirements information for mechanical equipment or systems.","","2","","","","","","","","","","","","","","","","","","","","","",""
"4.A.2.a.4.I11.D02","Analyze financial information.","","15","","","","","","","","","","","","","","","","","","","","","",""
"4.A.2.a.4.I11.D05","Analyze financial records to improve budgeting or planning.","","17","","","","","","","","","","","","","","","","","","","","","",""
"4.A.2.a.4.I10.D02","Analyze forensic evidence to solve crimes.","","2","","","","","","","","","","","","","","","","","","","","","",""
"4.A.2.a.4.I01.D05","Analyze geological or geographical data.","","1","","","","","","","","","","","","","","","","","","","","","",""
"4.A.2.a.4.I01.D03","Analyze geological samples.","","1","","","","","","","","","","","","","","","","","","","","","",""
"4.A.2.a.4.I06.D01","Analyze health-related data.","","4","","","","","","","","","","","","","","","","","","","","","",""
"4.A.2.a.4.I02.D02","Analyze industry trends.","","12","","","","","","","","","","","","","","","","","","","","","",""
"4.A.2.b.2.I22.D01","Analyze information obtained from news sources.","","3","","","","","","","","","","","","","","","","","","","","","",""
"4.A.2.a.4.I10.D04","Analyze laboratory findings.","","5","","","","","","","","","","","","","","","","","","","","","",""
"4.A.2.a.4.I10.D01","Analyze laboratory specimens to detect abnormalities or other problems.","","4","","","","","","","","","","","","","","","","","","","","","",""
"4.A.2.a.4.I02.D04","Analyze market conditions or trends.","","19","","","","","","","","","","","","","","","","","","","","","",""
"4.A.2.a.4.I02.D08","Analyze market research data.","","9","","","","","","","","","","","","","","","","","","","","","",""
"4.A.2.a.4.I07.D03","Analyze operational data to evaluate operations, processes or products.","","2","","","","","","","","","","","","","","","","","","","","","",""
"4.A.2.a.4.I01.D07","Analyze physical, survey, or geographic data.","","5","","","","","","","","","","","","","","","","","","","","","",""
"4.A.2.a.4.I06.D06","Analyze quantitative data to determine effectiveness of treatments or therapies.","","11","","","","","","","","","","","","","","","","","","","","","",""
"4.A.2.a.4.I12.D05","Analyze test or performance data to assess equipment operation.","","9","","","","","","","","","","","","","","","","","","","","","",""
"4.A.2.a.4.I12.D04","Analyze test or validation data.","","2","","","","","","","","","","","","","","","","","","","","","",""
"4.A.3.a.1.I07.D06","Apply adhesives to construction materials.","","8","","","","","","","","","","","","","","","","","","","","","",""
"4.A.3.a.2.I33.D05","Apply chemical solutions to plants to protect against disease or insects or to enhance growth.","","4","","","","","","","","","","","","","","","","","","","","","",""
"4.A.3.a.2.I21.D02","Apply cleansing or conditioning agents to client hair, scalp, or skin.","","12","","","","","","","","","","","","","","","","","","","","","",""
"4.A.3.a.2.I45.D03","Apply decorative or textured finishes or coverings.","","2","","","","","","","","","","","","","","","","","","","","","",""
"4.A.3.a.2.I45.D02","Apply finishes to artwork, crafts, or displays.","","6","","","","","","","","","","","","","","","","","","","","","",""
"4.A.3.b.4.I02.D12","Apply lubricants or coolants to workpieces.","","1","","","","","","","","","","","","","","","","","","","","","",""
"4.A.3.a.2.I21.D04","Apply makeup to alter or enhance appearance.","","5","","","","","","","","","","","","","","","","","","","","","",""
"4.A.3.a.2.I39.D04","Apply material to fill gaps in surfaces.","","16","","","","","","","","","","","","","","","","","","","","","",""
"4.A.3.a.2.I39.D01","Apply mortar.","","8","","","","","","","","","","","","","","","","","","","","","",""
"4.A.3.a.2.I33.D03","Apply paint to surfaces.","","12","","","","","","","","","","","","","","","","","","","","","",""
"4.A.3.a.2.I40.D01","Apply parting agents or other solutions to molds.","","3","","","","","","","","","","","","","","","","","","","","","",""
"4.A.3.a.1.I04.D02","Apply protective coverings to objects or surfaces near work areas.","","4","","","","","","","","","","","","","","","","","","","","","",""
"4.A.3.a.2.I33.D06","Apply protective or decorative finishes to workpieces or products.","","3","","","","","","","","","","","","","","","","","","","","","",""
"4.A.3.a.2.I33.D09","Apply sealants or other protective coatings.","","4","","","","","","","","","","","","","","","","","","","","","",""
"4.A.3.a.2.I21.D03","Apply solutions to hair for therapeutic or cosmetic purposes.","","2","","","","","","","","","","","","","","","","","","","","","",""
"4.A.3.a.2.I33.D08","Apply solutions to production equipment.","","6","","","","","","","","","","","","","","","","","","","","","",""
"4.A.3.a.1.I08.D04","Apply water or solutions to fabrics or apparel.","","3","","","","","","","","","","","","","","","","","","","","","",""
"4.A.2.a.1.I09.D03","Appraise property values.","","14","","","","","","","","","","","","","","","","","","","","","",""
"4.A.3.a.1.I11.D08","Apprehend criminal suspects.","","18","","","","","","","","","","","","","","","","","","","","","",""
"4.A.3.a.2.I08.D01","Arrange artwork, products, or props.","","15","","","","","","","","","","","","","","","","","","","","","",""
"4.A.4.a.7.I02.D02","Arrange collective bargaining agreements.","","8","","","","","","","","","","","","","","","","","","","","","",""
"4.A.2.b.5.I01.D01","Arrange facility schedules.","","5","","","","","","","","","","","","","","","","","","","","","",""
"4.A.4.c.1.I03.D08","Arrange insurance coverage.","","2","","","","","","","","","","","","","","","","","","","","","",""
"4.A.4.a.5.I01.D04","Arrange physical or mental health services for clients.","","16","","","","","","","","","","","","","","","","","","","","","",""
"4.A.4.a.5.I10.D09","Arrange services or reservations for patrons.","","4","","","","","","","","","","","","","","","","","","","","","",""
"4.A.3.a.1.I15.D01","Arrange tables or dining areas.","","16","","","","","","","","","","","","","","","","","","","","","",""
"4.A.3.a.2.I04.D14","Assemble electrical components, subsystems, or systems.","","9","","","","","","","","","","","","","","","","","","","","","",""
"4.A.3.a.2.I04.D11","Assemble electrical or electronic equipment.","","18","","","","","","","","","","","","","","","","","","","","","",""
"4.A.3.a.2.I04.D06","Assemble electromechanical or hydraulic systems.","","4","","","","","","","","","","","","","","","","","","","","","",""
"4.A.3.a.2.I04.D02","Assemble equipment or components.","","9","","","","","","","","","","","","","","","","","","","","","",""
"4.A.3.a.2.I36.D02","Assemble garments or textile products.","","6","","","","","","","","","","","","","","","","","","","","","",""
"4.A.3.a.2.I04.D05","Assemble machine tools, parts, or fixtures.","","5","","","","","","","","","","","","","","","","","","","","","",""
"4.A.3.a.2.I04.D12","Assemble mechanical components or machine parts.","","1","","","","","","","","","","","","","","","","","","","","","",""
"4.A.3.a.2.I36.D08","Assemble metal or plastic parts or products.","","6","","","","","","","","","","","","","","","","","","","","","",""
"4.A.3.a.2.I04.D04","Assemble precision electronics or optical equipment.","","2","","","","","","","","","","","","","","","","","","","","","",""
"4.A.3.a.2.I04.D10","Assemble products or production equipment.","","2","","","","","","","","","","","","","","","","","","","","","",""
"4.A.3.a.2.I01.D04","Assemble structural components.","","5","","","","","","","","","","","","","","","","","","","","","",""
"4.A.3.a.2.I36.D06","Assemble tires.","","4","","","","","","","","","","","","","","","","","","","","","",""
"4.A.3.a.2.I36.D04","Assemble wood products.","","5","","","","","","","","","","","","","","","","","","","","","",""
"4.A.1.a.2.I09.D05","Assess characteristics of fires.","","11","","","","","","","","","","","","","","","","","","","","","",""
"4.A.2.a.3.I02.D01","Assess compliance with environmental laws.","","7","","","","","","","","","","","","","","","","","","","","","",""
"4.A.2.a.1.I07.D06","Assess database performance.","","7","","","","","","","","","","","","","","","","","","","","","",""
"4.A.2.a.1.I01.D04","Assess individual or community needs for educational or social services.","","9","","","","","","","","","","","","","","","","","","","","","",""
"4.A.2.a.1.I07.D05","Assess product or process usefulness.","","5","","","","","","","","","","","","","","","","","","","","","",""
"4.A.2.a.4.I03.D01","Assess risks to business operations.","","17","","","","","","","","","","","","","","","","","","","","","",""
"4.A.2.a.1.I07.D01","Assess the cost effectiveness of products, projects, or services.","","2","","","","","","","","","","","","","","","","","","","","","",""
"4.A.4.a.5.I10.D03","Assist customers to ensure comfort or safety.","","15","","","","","","","","","","","","","","","","","","","","","",""
"4.A.4.a.5.I09.D06","Assist disabled or incapacitated individuals.","","1","","","","","","","","","","","","","","","","","","","","","",""
"4.A.4.a.5.I11.D06","Assist healthcare practitioners during surgery.","","3","","","","","","","","","","","","","","","","","","","","","",""
"4.A.4.a.5.I08.D01","Assist individuals with paperwork.","","5","","","","","","","","","","","","","","","","","","","","","",""
"4.A.4.a.5.I10.D01","Assist motorists or pedestrians.","","5","","","","","","","","","","","","","","","","","","","","","",""
"4.A.4.a.5.I05.D04","Assist others during emergencies.","","12","","","","","","","","","","","","","","","","","","","","","",""
"4.A.3.a.1.I07.D07","Assist skilled construction or extraction personnel.","","1","","","","","","","","","","","","","","","","","","","","","",""
"4.A.4.a.5.I09.D05","Assist students with special educational needs.","","6","","","","","","","","","","","","","","","","","","","","","",""
"4.A.3.a.2.I28.D01","Attach decorative or functional accessories to products.","","3","","","","","","","","","","","","","","","","","","","","","",""
"4.A.3.a.2.I46.D09","Attach equipment extensions or accessories.","","1","","","","","","","","","","","","","","","","","","","","","",""
"4.A.1.b.1.I01.D06","Attach identification information to products, items or containers.","","19","","","","","","","","","","","","","","","","","","","","","",""
"4.A.2.b.3.I01.D09","Attend conferences or workshops to maintain professional knowledge.","","9","","","","","","","","","","","","","","","","","","","","","",""
"4.A.2.b.3.I01.D19","Attend educational events to update medical knowledge.","","1","","","","","","","","","","","","","","","","","","","","","",""
"4.A.4.a.8.I01.D01","Audition for roles.","","7","","","","","","","","","","","","","","","","","","","","","",""
"4.A.4.c.2.I01.D01","Audition or interview potential performers or staff members.","","7","","","","","","","","","","","","","","","","","","","","","",""
"4.A.2.b.1.I03.D01","Authorize construction activities.","","1","","","","","","","","","","","","","","","","","","","","","",""
"4.A.2.b.1.I03.D02","Authorize financial actions.","","19","","","","","","","","","","","","","","","","","","","","","",""
"4.A.3.a.2.I35.D04","Braze metal parts or components.","","4","","","","","","","","","","","","","","","","","","","","","",""
"4.A.3.a.2.I01.D09","Build agricultural structures.","","3","","","","","","","","","","","","","","","","","","","","","",""
"4.A.3.a.2.I36.D03","Build production molds.","","1","","","","","","","","","","","","","","","","","","","","","",""
"4.A.2.a.4.I07.D01","Calculate data to inform organizational operations.","","19","","","","","","","","","","","","","","","","","","","","","",""
"4.A.1.b.3.I04.D03","Calculate geographic positions from survey data.","","4","","","","","","","","","","","","","","","","","","","","","",""
"4.A.2.a.4.I06.D05","Calculate numerical data for medical activities.","","2","","","","","","","","","","","","","","","","","","","","","",""
"4.A.2.b.1.I01.D05","Calculate shipping costs.","","11","","","","","","","","","","","","","","","","","","","","","",""
"4.A.1.b.3.I03.D03","Calculate tax information.","","7","","","","","","","","","","","","","","","","","","","","","",""
"4.A.1.b.3.I01.D08","Calculate weights, volumes or other characteristics of materials.","","2","","","","","","","","","","","","","","","","","","","","","",""
"4.A.3.a.2.I09.D06","Calibrate equipment to specifications.","","3","","","","","","","","","","","","","","","","","","","","","",""
"4.A.3.a.2.I09.D04","Calibrate scientific or technical equipment.","","5","","","","","","","","","","","","","","","","","","","","","",""
"4.A.3.a.2.I44.D02","Capture or kill animals.","","4","","","","","","","","","","","","","","","","","","","","","",""
"4.A.4.a.5.I12.D01","Care for patients with mental illnesses.","","7","","","","","","","","","","","","","","","","","","","","","",""
"4.A.4.a.5.I04.D01","Care for plants or animals.","","1","","","","","","","","","","","","","","","","","","","","","",""
"4.A.4.a.5.I03.D04","Care for women during pregnancy and childbirth.","","19","","","","","","","","","","","","","","","","","","","","","",""
"4.A.1.b.2.I09.D01","Check physical condition of people or animals.","","4","","","","","","","","","","","","","","","","","","","","","",""
"4.A.2.a.2.I01.D11","Check quality of diagnostic images.","","2","","","","","","","","","","","","","","","","","","","","","",""
"4.A.2.b.1.I04.D12","Choose optimal transportation routes or speeds.","","5","","","","","","","","","","","","","","","","","","","","","",""
"4.A.2.b.2.I25.D03","Choreograph dances.","","6","","","","","","","","","","","","","","","","","","","","","",""
"4.A.4.c.1.I01.D01","Classify materials according to standard systems.","","8","","","","","","","","","","","","","","","","","","","","","",""
"4.A.1.a.1.I16.D05","Classify organisms based on their characteristics or behavior.","","2","","","","","","","","","","","","","","","","","","","","","",""
"4.A.3.a.1.I03.D16","Clean equipment, parts, or tools to repair or maintain them in good working order.","","13","","","","","","","","","","","","","","","","","","","","","",""
"4.A.3.a.1.I03.D06","Clean facilities or equipment.","","6","","","","","","","","","","","","","","","","","","","","","",""
"4.A.3.a.1.I09.D03","Clean medical equipment or facilities.","","18","","","","","","","","","","","","","","","","","","","","","",""
"4.A.3.a.1.I08.D06","Clean objects.","","2","","","","","","","","","","","","","","","","","","","","","",""
"4.A.3.a.1.I03.D20","Clean surfaces in preparation for work activities.","","11","","","","","","","","","","","","","","","","","","","","","",""
"4.A.3.a.1.I08.D05","Clean workpieces or finished products.","","12","","","","","","","","","","","","","","","","","","","","","",""
"4.A.3.b.4.I02.D09","Clear equipment jams.","","6","","","","","","","","","","","","","","","","","","","","","",""
"4.A.3.a.1.I14.D02","Climb equipment or structures to access work areas.","","8","","","","","","","","","","","","","","","","","","","","","",""
"4.A.3.a.1.I14.D01","Climb ladders or vehicles to perform duties.","","2","","","","","","","","","","","","","","","","","","","","","",""
"4.A.3.b.1.I06.D08","Code data or other information.","","16","","","","","","","","","","","","","","","","","","","","","",""
"4.A.4.a.2.I02.D01","Collaborate on research activities with scientists or technical specialists.","","15","","","","","","","","","","","","","","","","","","","","","",""
"4.A.4.a.2.I07.D01","Collaborate with other professionals to develop education or assistance programs.","","8","","","","","","","","","","","","","","","","","","","","","",""
"4.A.4.a.2.I06.D01","Collaborate with others in marketing activities.","","8","","","","","","","","","","","","","","","","","","","","","",""
"4.A.4.a.2.I09.D01","Collaborate with others to determine production details.","","4","","","","","","","","","","","","","","","","","","","","","",""
"4.A.4.a.2.I06.D02","Collaborate with others to develop or implement marketing strategies.","","5","","","","","","","","","","","","","","","","","","","","","",""
"4.A.1.a.1.I04.D08","Collect archival data.","","4","","","","","","","","","","","","","","","","","","","","","",""
"4.A.3.a.2.I38.D02","Collect biological specimens.","","3","","","","","","","","","","","","","","","","","","","","","",""
"4.A.1.a.1.I06.D04","Collect data about project sites.","","2","","","","","","","","","","","","","","","","","","","","","",""
"4.A.3.a.2.I38.D05","Collect environmental data or samples.","","2","","","","","","","","","","","","","","","","","","","","","",""
"4.A.1.a.1.I03.D01","Collect evidence for legal proceedings.","","17","","","","","","","","","","","","","","","","","","","","","",""
"4.A.1.a.1.I19.D02","Collect information about community health needs.","","4","","","","","","","","","","","","","","","","","","","","","",""
"4.A.1.a.1.I12.D03","Collect information from people through observation, interviews, or surveys.","","18","","","","","","","","","","","","","","","","","","","","","",""
"4.A.4.c.3.I04.D04","Collect payments for good or services.","","12","","","","","","","","","","","","","","","","","","","","","",""
"4.A.3.a.2.I02.D03","Collect samples of materials or products for testing.","","15","","","","","","","","","","","","","","","","","","","","","",""
"4.A.3.a.2.I02.D02","Collect samples of raw materials or finished products.","","1","","","","","","","","","","","","","","","","","","","","","",""
"4.A.4.a.3.I02.D01","Communicate health and wellness information to the public.","","6","","","","","","","","","","","","","","","","","","","","","",""
"4.A.4.a.2.I05.D06","Communicate patient status to other health practitioners.","","5","","","","","","","","","","","","","","","","","","","","","",""
"4.A.4.a.2.I09.D09","Communicate project information to others.","","5","","","","","","","","","","","","","","","","","","","","","",""
"4.A.4.a.2.I01.D03","Communicate results of environmental research.","","3","","","","","","","","","","","","","","","","","","","","","",""
"4.A.4.a.2.I03.D21","Communicate safety or hazard information to others.","","1","","","","","","","","","","","","","","","","","","","","","",""
"4.A.4.a.2.I08.D01","Communicate situation details to appropriate personnel.","","3","","","","","","","","","","","","","","","","","","","","","",""
"4.A.4.a.2.I11.D02","Communicate technical information to suppliers, contractors, or regulatory agencies.","","11","","","","","","","","","","","","","","","","","","","","","",""
"4.A.4.a.2.I05.D04","Communicate test or assessment results to medical professionals.","","9","","","","","","","","","","","","","","","","","","","","","",""
"4.A.4.a.1.I02.D06","Communicate with clients about products, procedures, and policies.","","7","","","","","","","","","","","","","","","","","","","","","",""
"4.A.4.a.2.I11.D01","Communicate with government agencies.","","18","","","","","","","","","","","","","","","","","","","","","",""
"4.A.4.a.2.I04.D04","Communicate with management or other staff to resolve problems.","","14","","","","","","","","","","","","","","","","","","","","","",""
"4.A.4.a.2.I03.D08","Communicate with other construction or extraction personnel to discuss project details.","","2","","","","","","","","","","","","","","","","","","","","","",""
"4.A.4.a.2.I03.D01","Communicate with other workers to coordinate activities.","","9","","","","","","","","","","","","","","","","","","","","","",""
"4.A.4.a.2.I03.D16","Communicate with others to coordinate material handling or movement.","","1","","","","","","","","","","","","","","","","","","","","","",""
"4.A.4.a.2.I01.D01","Communicate with the public on environmental issues.","","3","","","","","","","","","","","","","","","","","","","","","",""
"4.A.3.a.1.I07.D08","Compact materials to create level bases.","","5","","","","","","","","","","","","","","","","","","","","","",""
"4.A.1.b.2.I10.D01","Compare physical characteristics of materials or products to specifications or standards.","","1","","","","","","","","","","","","","","","","","","","","","",""
"4.A.2.a.2.I03.D05","Compile environmental or climatological data.","","1","","","","","","","","","","","","","","","","","","","","","",""
"4.A.2.a.2.I03.D06","Compile geographic or related data.","","1","","","","","","","","","","","","","","","","","","","","","",""
"4.A.2.a.2.I03.D02","Compile technical information or documentation.","","9","","","","","","","","","","","","","","","","","","","","","",""
"4.A.1.b.3.I03.D04","Compute debt repayment schedules.","","2","","","","","","","","","","","","","","","","","","","","","",""
"4.A.1.b.3.I03.D02","Compute gaming wins and losses.","","5","","","","","","","","","","","","","","","","","","","","","",""
"4.A.4.a.8.I02.D02","Conduct amusement or gaming activities.","","3","","","","","","","","","","","","","","","","","","","","","",""
"4.A.1.b.2.I01.D05","Conduct diagnostic tests to determine patient health.","","9","","","","","","","","","","","","","","","","","","","","","",""
"4.A.4.c.2.I01.D02","Conduct eligibility or selection interviews.","","15","","","","","","","","","","","","","","","","","","","","","",""
"4.A.4.c.1.I03.D13","Conduct gaming transactions.","","3","","","","","","","","","","","","","","","","","","","","","",""
"4.A.4.b.3.I06.D06","Conduct health or safety training programs.","","6","","","","","","","","","","","","","","","","","","","","","",""
"4.A.1.a.1.I03.D06","Conduct hearings to investigate legal issues.","","1","","","","","","","","","","","","","","","","","","","","","",""
"4.A.1.a.1.I18.D02","Conduct historical research.","","2","","","","","","","","","","","","","","","","","","","","","",""
"4.A.1.a.1.I18.D03","Conduct research on social issues.","","4","","","","","","","","","","","","","","","","","","","","","",""
"4.A.1.a.1.I20.D04","Conduct research to gain information about products or processes.","","18","","","","","","","","","","","","","","","","","","","","","",""
"4.A.1.a.1.I19.D01","Conduct research to increase knowledge about medical issues.","","1","","","","","","","","","","","","","","","","","","","","","",""
"4.A.1.a.1.I09.D03","Conduct scientific research of organizational behavior or processes.","","4","","","","","","","","","","","","","","","","","","","","","",""
"4.A.1.a.1.I09.D01","Conduct surveys in organizations.","","15","","","","","","","","","","","","","","","","","","","","","",""
"4.A.1.b.2.I07.D09","Conduct validation tests of equipment or processes.","","5","","","","","","","","","","","","","","","","","","","","","",""
"4.A.4.a.1.I05.D03","Confer with clients to discuss treatment plans or progress.","","7","","","","","","","","","","","","","","","","","","","","","",""
"4.A.4.a.2.I13.D02","Confer with clients to exchange information.","","2","","","","","","","","","","","","","","","","","","","","","",""
"4.A.4.a.2.I13.D05","Confer with customers or designers to determine order specifications.","","4","","","","","","","","","","","","","","","","","","","","","",""
"4.A.4.a.2.I03.D13","Confer with managers to make operational decisions.","","2","","","","","","","","","","","","","","","","","","","","","",""
"4.A.4.a.2.I05.D02","Confer with other professionals to plan patient care.","","10","","","","","","","","","","","","","","","","","","","","","",""
"4.A.4.a.2.I11.D08","Confer with others about financial matters.","","5","","","","","","","","","","","","","","","","","","","","","",""
"4.A.4.a.2.I03.D18","Confer with others to conduct or arrange operational activities.","","14","","","","","","","","","","","","","","","","","","","","","",""
"4.A.3.a.1.I11.D09","Confiscate prohibited or dangerous items.","","3","","","","","","","","","","","","","","","","","","","","","",""
"4.A.3.a.2.I34.D07","Connect electrical components or equipment.","","11","","","","","","","","","","","","","","","","","","","","","",""
"4.A.3.a.2.I34.D03","Connect hoses to equipment or piping.","","4","","","","","","","","","","","","","","","","","","","","","",""
"4.A.3.a.2.I34.D08","Connect supply lines to production equipment or tools.","","3","","","","","","","","","","","","","","","","","","","","","",""
"4.A.3.a.2.I01.D16","Construct exhibits or parts of exhibits.","","3","","","","","","","","","","","","","","","","","","","","","",""
"4.A.4.a.6.I02.D04","Contract real estate to clients.","","9","","","","","","","","","","","","","","","","","","","","","",""
"4.A.3.a.2.I09.D16","Control power supply connections.","","9","","","","","","","","","","","","","","","","","","","","","",""
"4.A.4.c.3.I06.D02","Control prescription refills or authorizations.","","7","","","","","","","","","","","","","","","","","","","","","",""
"4.A.3.a.3.I02.D03","Control pumps or pumping equipment.","","6","","","","","","","","","","","","","","","","","","","","","",""
"4.A.3.b.1.I06.D11","Convert data among multiple digital or analog formats.","","4","","","","","","","","","","","","","","","","","","","","","",""
"4.A.4.b.4.I12.D19","Coordinate activities of production personnel.","","7","","","","","","","","","","","","","","","","","","","","","",""
"4.A.4.a.2.I11.D07","Coordinate activities with suppliers, contractors, clients, or other departments.","","1","","","","","","","","","","","","","","","","","","","","","",""
"4.A.4.b.4.I03.D04","Coordinate athletic or sporting events or activities.","","8","","","","","","","","","","","","","","","","","","","","","",""
"4.A.4.b.4.I10.D06","Coordinate construction or installation activities.","","6","","","","","","","","","","","","","","","","","","","","","",""
"4.A.4.b.4.I06.D11","Coordinate cross-disciplinary research programs.","","3","","","","","","","","","","","","","","","","","","","","","",""
"4.A.4.b.4.I06.D03","Coordinate design activities.","","16","","","","","","","","","","","","","","","","","","","","","",""
"4.A.4.b.4.I08.D02","Coordinate flight control or management activities.","","4","","","","","","","","","","","","","","","","","","","","","",""
"4.A.4.b.4.I04.D01","Coordinate forestry or agricultural activities.","","3","","","","","","","","","","","","","","","","","","","","","",""
"4.A.4.b.4.I12.D09","Coordinate logistics or other business operations.","","2","","","","","","","","","","","","","","","","","","","","","",""
"4.A.4.b.4.I12.D34","Coordinate reporting or editing activities.","","8","","","","","","","","","","","","","","","","","","","","","",""
"4.A.4.b.4.I14.D02","Coordinate safety or regulatory compliance activities.","","5","","","","","","","","","","","","","","","","","","","","","",""
"4.A.4.b.4.I12.D16","Coordinate shipping activities with external parties.","","15","","","","","","","","","","","","","","","","","","","","","",""
"4.A.4.b.4.I11.D03","Coordinate special events or programs.","","1","","","","","","","","","","","","","","","","","","","","","",""
"4.A.4.b.4.I11.D02","Coordinate student extracurricular activities.","","1","","","","","","","","","","","","","","","","","","","","","",""
"4.A.4.b.4.I07.D01","Coordinate training activities.","","16","","","","","","","","","","","","","","","","","","","","","",""
"4.A.4.a.2.I11.D04","Coordinate with external parties to exchange information.","","11","","","","","","","","","","","","","","","","","","","","","",""
"4.A.4.b.6.I10.D06","Counsel clients on mental health or personal achievement.","","15","","","","","","","","","","","","","","","","","","","","","",""
"4.A.1.b.2.I06.D04","Count finished products or workpieces.","","9","","","","","","","","","","","","","","","","","","","","","",""
"4.A.4.b.4.I05.D02","Count prison inmates or personnel.","","8","","","","","","","","","","","","","","","","","","","","","",""
"4.A.3.a.3.I04.D02","Create advanced digital images of patients using computer imaging systems.","","7","","","","","","","","","","","","","","","","","","","","","",""
"4.A.2.b.2.I18.D05","Create electrical schematics.","","4","","","","","","","","","","","","","","","","","","","","","",""
"4.A.2.b.2.I18.D03","Create graphical representations of civil structures.","","11","","","","","","","","","","","","","","","","","","","","","",""
"4.A.2.b.2.I18.D21","Create graphical representations of industrial production systems.","","6","","","","","","","","","","","","","","","","","","","","","",""
"4.A.2.b.2.I18.D18","Create graphical representations of mechanical equipment.","","2","","","","","","","","","","","","","","","","","","","","","",""
"4.A.2.b.2.I18.D16","Create graphical representations of structures or landscapes.","","11","","","","","","","","","","","","","","","","","","","","","",""
"4.A.2.b.2.I18.D19","Create maps.","","5","","","","","","","","","","","","","","","","","","","","","",""
"4.A.2.b.2.I21.D01","Create models of engineering designs or methods.","","7","","","","","","","","","","","","","","","","","","","","","",""
"4.A.2.b.2.I21.D03","Create physical models or prototypes.","","15","","","","","","","","","","","","","","","","","","","","","",""
"4.A.3.b.6.I12.D03","Create technology-based learning materials.","","16","","","","","","","","","","","","","","","","","","","","","",""
"4.A.3.a.1.I17.D07","Cultivate land.","","2","","","","","","","","","","","","","","","","","","","","","",""
"4.A.3.a.2.I47.D01","Cultivate micro-organisms for study, testing, or medical preparations.","","5","","","","","","","","","","","","","","","","","","","","","",""
"4.A.3.a.2.I12.D11","Cut carpet, vinyl or other flexible materials.","","9","","","","","","","","","","","","","","","","","","","","","",""
"4.A.3.a.2.I12.D08","Cut fabrics.","","9","","","","","","","","","","","","","","","","","","","","","",""
"4.A.3.a.2.I12.D04","Cut industrial materials in preparation for fabrication or processing.","","3","","","","","","","","","","","","","","","","","","","","","",""
"4.A.3.a.2.I12.D03","Cut materials according to specifications or needs.","","1","","","","","","","","","","","","","","","","","","","","","",""
"4.A.3.a.2.I03.D10","Cut meat products.","","4","","","","","","","","","","","","","","","","","","","","","",""
"4.A.3.a.2.I12.D06","Cut metal components for installation.","","19","","","","","","","","","","","","","","","","","","","","","",""
"4.A.3.a.2.I12.D01","Cut openings in existing structures.","","7","","","","","","","","","","","","","","","","","","","","","",""
"4.A.3.a.2.I12.D05","Cut tile, stone, or other masonry materials.","","10","","","","","","","","","","","","","","","","","","","","","",""
"4.A.3.a.2.I14.D01","Cut trees or logs.","","4","","","","","","","","","","","","","","","","","","","","","",""
"4.A.3.a.1.I03.D17","Decontaminate equipment or sites to remove hazardous or toxic substances.","","4","","","","","","","","","","","","","","","","","","","","","",""
"4.A.2.b.2.I14.D06","Design control systems for mechanical or other equipment.","","2","","","","","","","","","","","","","","","","","","","","","",""
"4.A.2.b.2.I24.D02","Design electrical equipment or systems.","","7","","","","","","","","","","","","","","","","","","","","","",""
"4.A.2.b.2.I24.D01","Design electromechanical equipment or systems.","","7","","","","","","","","","","","","","","","","","","","","","",""
"4.A.2.b.2.I24.D03","Design electronic or computer equipment or instrumentation.","","13","","","","","","","","","","","","","","","","","","","","","",""
"4.A.2.b.2.I14.D03","Design industrial equipment.","","7","","","","","","","","","","","","","","","","","","","","","",""
"4.A.2.b.2.I14.D01","Design industrial processing systems.","","4","","","","","","","","","","","","","","","","","","","","","",""
"4.A.2.b.2.I13.D04","Design medical devices or appliances.","","3","","","","","","","","","","","","","","","","","","","","","",""
"4.A.2.b.2.I15.D02","Design psychological or educational treatment procedures or programs.","","8","","","","","","","","","","","","","","","","","","","","","",""
"4.A.2.b.2.I23.D04","Design research studies to obtain scientific information.","","2","","","","","","","","","","","","","","","","","","","","","",""
"4.A.2.b.2.I11.D04","Design structures or facilities.","","10","","","","","","","","","","","","","","","","","","","","","",""
"4.A.2.b.2.I13.D01","Design templates or patterns.","","3","","","","","","","","","","","","","","","","","","","","","",""
"4.A.2.b.1.I04.D02","Determine appropriate locations for operations or installations.","","1","","","","","","","","","","","","","","","","","","","","","",""
"4.A.2.b.1.I04.D10","Determine appropriate methods for data analysis.","","16","","","","","","","","","","","","","","","","","","","","","",""
"4.A.2.b.1.I04.D08","Determine construction project layouts.","","2","","","","","","","","","","","","","","","","","","","","","",""
"4.A.2.b.2.I07.D01","Determine design criteria or specifications.","","3","","","","","","","","","","","","","","","","","","","","","",""
"4.A.2.b.1.I04.D06","Determine food production methods.","","8","","","","","","","","","","","","","","","","","","","","","",""
"4.A.2.b.1.I04.D07","Determine forestry techniques or methods.","","4","","","","","","","","","","","","","","","","","","","","","",""
"4.A.2.b.1.I04.D03","Determine operational methods.","","12","","","","","","","","","","","","","","","","","","","","","",""
"4.A.2.b.1.I04.D04","Determine operational procedures.","","5","","","","","","","","","","","","","","","","","","","","","",""
"4.A.2.b.1.I04.D11","Determine protocols for medical procedures.","","7","","","","","","","","","","","","","","","","","","","","","",""
"4.A.2.b.1.I01.D02","Determine the value of goods or services.","","11","","","","","","","","","","","","","","","","","","","","","",""
"4.A.2.b.1.I08.D11","Determine types of equipment, tools, or materials needed for jobs.","","16","","","","","","","","","","","","","","","","","","","","","",""
"4.A.2.b.4.I03.D18","Develop agricultural methods.","","1","","","","","","","","","","","","","","","","","","","","","",""
"4.A.2.b.2.I23.D02","Develop biological research methods.","","3","","","","","","","","","","","","","","","","","","","","","",""
"4.A.2.b.2.I03.D01","Develop business or market strategies.","","2","","","","","","","","","","","","","","","","","","","","","",""
"4.A.2.b.4.I03.D10","Develop data analysis or data management procedures.","","1","","","","","","","","","","","","","","","","","","","","","",""
"4.A.2.b.2.I06.D01","Develop database parameters or specifications.","","5","","","","","","","","","","","","","","","","","","","","","",""
"4.A.2.b.6.I02.D08","Develop detailed project plans.","","6","","","","","","","","","","","","","","","","","","","","","",""
"4.A.2.b.2.I18.D13","Develop diagrams or flow charts of system operation.","","11","","","","","","","","","","","","","","","","","","","","","",""
"4.A.2.b.2.I15.D09","Develop educational or training programs.","","6","","","","","","","","","","","","","","","","","","","","","",""
"4.A.2.b.2.I15.D11","Develop educational policies.","","3","","","","","","","","","","","","","","","","","","","","","",""
"4.A.2.b.2.I19.D01","Develop emergency procedures.","","2","","","","","","","","","","","","","","","","","","","","","",""
"4.A.2.b.2.I08.D03","Develop environmental sustainability plans or projects.","","3","","","","","","","","","","","","","","","","","","","","","",""
"4.A.2.b.2.I14.D02","Develop equipment or component configurations.","","13","","","","","","","","","","","","","","","","","","","","","",""
"4.A.2.b.2.I01.D03","Develop exercise or conditioning programs.","","2","","","","","","","","","","","","","","","","","","","","","",""
"4.A.2.b.2.I09.D02","Develop financial or business plans.","","5","","","","","","","","","","","","","","","","","","","","","",""
"4.A.2.b.2.I09.D01","Develop financial plans for clients.","","10","","","","","","","","","","","","","","","","","","","","","",""
"4.A.2.b.2.I06.D03","Develop library or archival databases.","","4","","","","","","","","","","","","","","","","","","","","","",""
"4.A.2.b.2.I23.D03","Develop methods of social or economic research.","","3","","","","","","","","","","","","","","","","","","","","","",""
"4.A.2.b.2.I21.D02","Develop models of information or communications systems.","","19","","","","","","","","","","","","","","","","","","","","","",""
"4.A.2.b.4.I03.D12","Develop new or advanced products or production methods.","","8","","","","","","","","","","","","","","","","","","","","","",""
"4.A.2.b.4.I01.D04","Develop organizational methods or procedures.","","16","","","","","","","","","","","","","","","","","","","","","",""
"4.A.2.b.2.I01.D04","Develop patient therapy programs.","","5","","","","","","","","","","","","","","","","","","","","","",""
"4.A.2.b.4.I03.D01","Develop procedures for data management.","","5","","","","","","","","","","","","","","","","","","","","","",""
"4.A.2.b.4.I03.D13","Develop procedures to evaluate organizational activities.","","5","","","","","","","","","","","","","","","","","","","","","",""
"4.A.2.b.2.I12.D01","Develop promotional materials.","","5","","","","","","","","","","","","","","","","","","","","","",""
"4.A.2.b.2.I03.D04","Develop promotional strategies for religious organizations.","","4","","","","","","","","","","","","","","","","","","","","","",""
"4.A.3.b.6.I07.D01","Develop proposals for current or prospective customers.","","1","","","","","","","","","","","","","","","","","","","","","",""
"4.A.2.b.2.I26.D03","Develop scientific or mathematical models.","","2","","","","","","","","","","","","","","","","","","","","","",""
"4.A.2.b.2.I02.D01","Develop software or computer applications.","","4","","","","","","","","","","","","","","","","","","","","","",""
"4.A.2.b.4.I03.D14","Develop technical methods or processes.","","5","","","","","","","","","","","","","","","","","","","","","",""
"4.A.2.b.4.I03.D15","Develop testing routines or procedures.","","16","","","","","","","","","","","","","","","","","","","","","",""
"4.A.2.b.2.I26.D01","Develop theories or models of physical phenomena.","","5","","","","","","","","","","","","","","","","","","","","","",""
"4.A.2.b.2.I10.D02","Develop tools to diagnose or assess needs.","","3","","","","","","","","","","","","","","","","","","","","","",""
"4.A.2.b.2.I01.D06","Develop treatment plans that use non-medical therapies.","","17","","","","","","","","","","","","","","","","","","","","","",""
"4.A.4.a.4.I01.D03","Develop working relationships with others to facilitate program activities.","","10","","","","","","","","","","","","","","","","","","","","","",""
"4.A.2.b.1.I06.D01","Diagnose dental conditions.","","9","","","","","","","","","","","","","","","","","","","","","",""
"4.A.2.b.1.I02.D03","Diagnose equipment malfunctions.","","2","","","","","","","","","","","","","","","","","","","","","",""
"4.A.2.b.1.I06.D03","Diagnose neural or psychological disorders.","","8","","","","","","","","","","","","","","","","","","","","","",""
"4.A.4.b.4.I04.D03","Direct activities of agricultural, forestry, or fishery employees.","","5","","","","","","","","","","","","","","","","","","","","","",""
"4.A.4.b.4.I01.D06","Direct activities of subordinates.","","7","","","","","","","","","","","","","","","","","","","","","",""
"4.A.4.b.4.I10.D03","Direct construction activities.","","14","","","","","","","","","","","","","","","","","","","","","",""
"4.A.4.b.4.I16.D04","Direct courtroom activities or procedures.","","1","","","","","","","","","","","","","","","","","","","","","",""
"4.A.4.b.4.I16.D01","Direct criminal investigations.","","1","","","","","","","","","","","","","","","","","","","","","",""
"4.A.4.b.4.I12.D33","Direct department activities.","","8","","","","","","","","","","","","","","","","","","","","","",""
"4.A.4.b.4.I06.D10","Direct design or development activities.","","9","","","","","","","","","","","","","","","","","","","","","",""
"4.A.4.b.4.I15.D01","Direct emergency management activities.","","2","","","","","","","","","","","","","","","","","","","","","",""
"4.A.4.b.4.I07.D03","Direct employee training programs.","","2","","","","","","","","","","","","","","","","","","","","","",""
"4.A.4.b.4.I12.D04","Direct equipment maintenance or repair activities.","","2","","","","","","","","","","","","","","","","","","","","","",""
"4.A.4.b.4.I15.D03","Direct fire fighting or prevention activities.","","2","","","","","","","","","","","","","","","","","","","","","",""
"4.A.4.b.4.I09.D03","Direct fundraising or financing activities.","","7","","","","","","","","","","","","","","","","","","","","","",""
"4.A.4.b.4.I12.D06","Direct funeral or mortuary activities.","","2","","","","","","","","","","","","","","","","","","","","","",""
"4.A.4.b.4.I12.D23","Direct healthcare delivery programs.","","5","","","","","","","","","","","","","","","","","","","","","",""
"4.A.4.b.4.I12.D24","Direct industrial production activities.","","4","","","","","","","","","","","","","","","","","","","","","",""
"4.A.4.b.4.I10.D04","Direct installation activities.","","5","","","","","","","","","","","","","","","","","","","","","",""
"4.A.4.b.4.I16.D02","Direct law enforcement activities.","","1","","","","","","","","","","","","","","","","","","","","","",""
"4.A.4.b.4.I12.D31","Direct material handling or moving activities.","","15","","","","","","","","","","","","","","","","","","","","","",""
"4.A.4.b.4.I06.D09","Direct medical science or healthcare programs.","","4","","","","","","","","","","","","","","","","","","","","","",""
"4.A.4.b.4.I12.D14","Direct operations of correctional facilities.","","1","","","","","","","","","","","","","","","","","","","","","",""
"4.A.4.b.4.I12.D30","Direct passenger or freight transport activities.","","2","","","","","","","","","","","","","","","","","","","","","",""
"4.A.4.b.4.I08.D01","Direct quality control activities.","","3","","","","","","","","","","","","","","","","","","","","","",""
"4.A.4.b.4.I06.D05","Direct scientific activities.","","1","","","","","","","","","","","","","","","","","","","","","",""
"4.A.4.b.4.I06.D01","Direct surveying activities.","","2","","","","","","","","","","","","","","","","","","","","","",""
"4.A.4.b.4.I06.D02","Direct technical activities or operations.","","1","","","","","","","","","","","","","","","","","","","","","",""
"4.A.3.a.2.I19.D03","Disassemble equipment to inspect for deficiencies.","","17","","","","","","","","","","","","","","","","","","","","","",""
"4.A.4.a.2.I09.D02","Discuss production content and progress with others.","","18","","","","","","","","","","","","","","","","","","","","","",""
"4.A.4.a.2.I13.D01","Discuss service options or needs with clients.","","7","","","","","","","","","","","","","","","","","","","","","",""
"4.A.3.a.2.I19.D05","Dismantle equipment or temporary structures.","","1","","","","","","","","","","","","","","","","","","","","","",""
"4.A.3.a.2.I19.D07","Dismantle heavy equipment or machinery.","","1","","","","","","","","","","","","","","","","","","","","","",""
"4.A.3.a.2.I32.D03","Display student work.","","1","","","","","","","","","","","","","","","","","","","","","",""
"4.A.4.a.6.I03.D09","Distribute promotional literature or samples to customers.","","9","","","","","","","","","","","","","","","","","","","","","",""
"4.A.4.c.3.I03.D05","Distribute resources to patrons or employees.","","1","","","","","","","","","","","","","","","","","","","","","",""
"4.A.4.c.3.I03.D08","Distribute supplies to workers.","","2","","","","","","","","","","","","","","","","","","","","","",""
"4.A.3.b.6.I05.D03","Document events or evidence, using photographic or audiovisual equipment.","","7","","","","","","","","","","","","","","","","","","","","","",""
"4.A.3.b.6.I02.D07","Document information related to legal proceedings.","","2","","","","","","","","","","","","","","","","","","","","","",""
"4.A.3.b.6.I14.D08","Document legal or regulatory information.","","4","","","","","","","","","","","","","","","","","","","","","",""
"4.A.3.b.6.I12.D01","Document lesson plans.","","4","","","","","","","","","","","","","","","","","","","","","",""
"4.A.3.b.6.I09.D03","Document network-related activities or tasks.","","8","","","","","","","","","","","","","","","","","","","","","",""
"4.A.3.b.6.I08.D02","Document operational procedures.","","14","","","","","","","","","","","","","","","","","","","","","",""
"4.A.3.b.6.I09.D02","Document technical design details.","","19","","","","","","","","","","","","","","","","","","","","","",""
"4.A.3.b.6.I08.D17","Document work hours or activities.","","2","","","","","","","","","","","","","","","","","","","","","",""
"4.A.3.a.2.I41.D08","Draw guide lines or markings on materials or workpieces using patterns or other references.","","6","","","","","","","","","","","","","","","","","","","","","",""
"4.A.3.a.2.I30.D02","Drill holes in construction materials.","","13","","","","","","","","","","","","","","","","","","","","","",""
"4.A.3.a.2.I30.D01","Drill holes in earth or rock.","","3","","","","","","","","","","","","","","","","","","","","","",""
"4.A.3.a.2.I30.D03","Drill holes in parts, equipment, or materials.","","2","","","","","","","","","","","","","","","","","","","","","",""
"4.A.3.a.4.I01.D10","Drive trucks or truck-mounted equipment.","","11","","","","","","","","","","","","","","","","","","","","","",""
"4.A.3.a.4.I01.D09","Drive vehicles to transport patrons.","","1","","","","","","","","","","","","","","","","","","","","","",""
"4.A.2.b.1.I11.D01","Edit audio or video recordings.","","3","","","","","","","","","","","","","","","","","","","","","",""
"4.A.3.a.2.I26.D01","Embalm corpses.","","2","","","","","","","","","","","","","","","","","","","","","",""
"4.A.4.b.5.I02.D01","Encourage patients during therapeutic activities.","","10","","","","","","","","","","","","","","","","","","","","","",""
"4.A.4.b.5.I02.D06","Encourage patients or clients to develop life skills.","","4","","","","","","","","","","","","","","","","","","","","","",""
"4.A.3.a.2.I25.D01","Engrave designs, text, or other markings onto materials, workpieces, or products.","","1","","","","","","","","","","","","","","","","","","","","","",""
"4.A.3.b.1.I06.D10","Enter codes or other information into computers.","","3","","","","","","","","","","","","","","","","","","","","","",""
"4.A.3.b.1.I01.D01","Enter commands, instructions, or specifications into equipment.","","11","","","","","","","","","","","","","","","","","","","","","",""
"4.A.4.a.8.I01.D05","Entertain public with comedic or dramatic performances.","","7","","","","","","","","","","","","","","","","","","","","","",""
"4.A.3.a.1.I12.D05","Escort prisoners to courtrooms, prisons, or other facilities.","","2","","","","","","","","","","","","","","","","","","","","","",""
"4.A.2.b.4.I01.D05","Establish business management methods.","","13","","","","","","","","","","","","","","","","","","","","","",""
"4.A.2.b.4.I01.D03","Establish organizational guidelines or policies.","","6","","","","","","","","","","","","","","","","","","","","","",""
"4.A.2.b.4.I03.D07","Establish standards for medical care.","","4","","","","","","","","","","","","","","","","","","","","","",""
"4.A.2.b.4.I03.D17","Establish standards for products, processes, or procedures.","","18","","","","","","","","","","","","","","","","","","","","","",""
"4.A.2.b.2.I15.D01","Establish work standards.","","14","","","","","","","","","","","","","","","","","","","","","",""
"4.A.1.b.3.I02.D02","Estimate construction project costs.","","13","","","","","","","","","","","","","","","","","","","","","",""
"4.A.1.b.3.I02.D06","Estimate costs for projects or productions.","","19","","","","","","","","","","","","","","","","","","","","","",""
"4.A.2.b.1.I01.D01","Estimate costs of products, services, or materials.","","8","","","","","","","","","","","","","","","","","","","","","",""
"4.A.2.b.1.I01.D03","Estimate costs or terms of sales.","","13","","","","","","","","","","","","","","","","","","","","","",""
"4.A.2.a.4.I02.D01","Estimate demand for products or services.","","6","","","","","","","","","","","","","","","","","","","","","",""
"4.A.2.b.1.I08.D03","Estimate labor requirements.","","10","","","","","","","","","","","","","","","","","","","","","",""
"4.A.1.b.3.I02.D03","Estimate maintenance service requirements or costs.","","1","","","","","","","","","","","","","","","","","","","","","",""
"4.A.2.b.1.I08.D09","Estimate material requirements for production.","","3","","","","","","","","","","","","","","","","","","","","","",""
"4.A.1.b.3.I02.D04","Estimate operational costs.","","13","","","","","","","","","","","","","","","","","","","","","",""
"4.A.2.b.1.I08.D01","Estimate technical or resource requirements for development or production projects.","","10","","","","","","","","","","","","","","","","","","","","","",""
"4.A.2.a.4.I09.D04","Evaluate applicable laws and regulations to determine impact on organizational activities.","","16","","","","","","","","","","","","","","","","","","","","","",""
"4.A.2.a.1.I04.D05","Evaluate capabilities or training needs.","","6","","","","","","","","","","","","","","","","","","","","","",""
"4.A.1.b.2.I10.D06","Evaluate characteristics of archival or historical objects.","","4","","","","","","","","","","","","","","","","","","","","","",""
"4.A.2.a.1.I01.D03","Evaluate characteristics of individuals to determine needs or eligibility.","","19","","","","","","","","","","","","","","","","","","","","","",""
"4.A.2.a.1.I02.D07","Evaluate civic projects or public policies.","","1","","","","","","","","","","","","","","","","","","","","","",""
"4.A.2.a.1.I09.D01","Evaluate condition of properties.","","5","","","","","","","","","","","","","","","","","","","","","",""
"4.A.1.a.2.I11.D09","Evaluate construction projects to determine compliance with external standards or regulations.","","3","","","","","","","","","","","","","","","","","","","","","",""
"4.A.2.a.4.I05.D03","Evaluate designs or specifications to ensure quality.","","19","","","","","","","","","","","","","","","","","","","","","",""
"4.A.2.a.1.I02.D05","Evaluate effectiveness of educational programs.","","13","","","","","","","","","","","","","","","","","","","","","",""
"4.A.2.a.1.I02.D04","Evaluate effectiveness of personnel policies or practices.","","12","","","","","","","","","","","","","","","","","","","","","",""
"4.A.2.a.1.I05.D01","Evaluate log quality.","","2","","","","","","","","","","","","","","","","","","","","","",""
"4.A.2.a.1.I06.D02","Evaluate patient functioning, capabilities, or health.","","4","","","","","","","","","","","","","","","","","","","","","",""
"4.A.2.a.1.I06.D03","Evaluate patient outcomes to determine effectiveness of treatments.","","14","","","","","","","","","","","","","","","","","","","","","",""
"4.A.2.a.1.I04.D01","Evaluate performance of educational staff.","","8","","","","","","","","","","","","","","","","","","","","","",""
"4.A.1.a.2.I11.D07","Evaluate personnel practices to ensure adherence to regulations.","","10","","","","","","","","","","","","","","","","","","","","","",""
"4.A.2.a.1.I05.D04","Evaluate quality of food ingredients or prepared foods.","","12","","","","","","","","","","","","","","","","","","","","","",""
"4.A.2.a.1.I05.D02","Evaluate quality of plants or crops.","","7","","","","","","","","","","","","","","","","","","","","","",""
"4.A.1.a.1.I02.D12","Evaluate reports or designs to determine work needs.","","13","","","","","","","","","","","","","","","","","","","","","",""
"4.A.2.a.4.I05.D01","Evaluate technical data to determine effect on designs or plans.","","9","","","","","","","","","","","","","","","","","","","","","",""
"4.A.2.a.1.I02.D02","Evaluate the effectiveness of counseling or educational programs.","","5","","","","","","","","","","","","","","","","","","","","","",""
"4.A.1.a.1.I16.D06","Examine characteristics or behavior of living organisms.","","3","","","","","","","","","","","","","","","","","","","","","",""
"4.A.1.a.1.I03.D02","Examine crime scenes to obtain evidence.","","6","","","","","","","","","","","","","","","","","","","","","",""
"4.A.1.a.1.I21.D02","Examine debris to obtain information about causes of fires.","","2","","","","","","","","","","","","","","","","","","","","","",""
"4.A.2.a.3.I03.D03","Examine financial records or processes.","","2","","","","","","","","","","","","","","","","","","","","","",""
"4.A.2.a.3.I03.D05","Examine financial records to ensure compliance with policies or regulations.","","7","","","","","","","","","","","","","","","","","","","","","",""
"4.A.2.a.3.I01.D01","Examine marketing materials to ensure compliance with policies or regulations.","","6","","","","","","","","","","","","","","","","","","","","","",""
"4.A.1.b.2.I07.D21","Examine medical instruments or equipment to ensure proper operation.","","1","","","","","","","","","","","","","","","","","","","","","",""
"4.A.2.a.2.I05.D01","Examine personal documentation to ensure that it is valid.","","4","","","","","","","","","","","","","","","","","","","","","",""
"4.A.1.a.1.I03.D05","Examine records or other types of data to investigate criminal activities.","","2","","","","","","","","","","","","","","","","","","","","","",""
"4.A.4.a.1.I05.D05","Explain medical procedures or test results to patients or family members.","","13","","","","","","","","","","","","","","","","","","","","","",""
"4.A.4.a.3.I02.D06","Explain project details to the general public.","","2","","","","","","","","","","","","","","","","","","","","","",""
"4.A.4.a.1.I01.D02","Explain use of products or services.","","16","","","","","","","","","","","","","","","","","","","","","",""
"4.A.3.a.2.I27.D02","Fabricate parts or components.","","13","","","","","","","","","","","","","","","","","","","","","",""
"4.A.3.a.2.I39.D03","Fill cracks, imperfections, or holes in products or workpieces.","","7","","","","","","","","","","","","","","","","","","","","","",""
"4.A.4.a.5.I06.D01","Fit eyeglasses, contact lenses, or other vision aids.","","2","","","","","","","","","","","","","","","","","","","","","",""
"4.A.2.a.3.I04.D02","Follow protocols or regulations for healthcare activities.","","7","","","","","","","","","","","","","","","","","","","","","",""
"4.A.2.a.4.I02.D03","Forecast economic, political, or social trends.","","9","","","","","","","","","","","","","","","","","","","","","",""
"4.A.3.b.1.I06.D12","Format digital documents, data, or images.","","1","","","","","","","","","","","","","","","","","","","","","",""
"4.A.1.a.1.I04.D04","Gather financial records.","","15","","","","","","","","","","","","","","","","","","","","","",""
"4.A.1.a.1.I06.D02","Gather information about work conditions or locations.","","10","","","","","","","","","","","","","","","","","","","","","",""
"4.A.1.a.1.I11.D01","Gather information for news stories.","","3","","","","","","","","","","","","","","","","","","","","","",""
"4.A.1.a.1.I04.D06","Gather information in order to provide services to clients.","","3","","","","","","","","","","","","","","","","","","","","","",""
"4.A.1.a.1.I06.D03","Gather physical survey data.","","7","","","","","","","","","","","","","","","","","","","","","",""
"4.A.3.a.2.I15.D01","Grind parts to required dimensions.","","1","","","","","","","","","","","","","","","","","","","","","",""
"4.A.3.a.1.I11.D06","Guard facilities.","","8","","","","","","","","","","","","","","","","","","","","","",""
"4.A.3.a.1.I12.D01","Guide patrons on tours.","","2","","","","","","","","","","","","","","","","","","","","","",""
"4.A.3.a.1.I10.D07","Handle caskets.","","2","","","","","","","","","","","","","","","","","","","","","",""
"4.A.3.a.1.I10.D09","Handle luggage or other possessions for patrons.","","1","","","","","","","","","","","","","","","","","","","","","",""
"4.A.3.a.1.I17.D01","Harvest agricultural products.","","8","","","","","","","","","","","","","","","","","","","","","",""
"4.A.4.a.5.I10.D07","Help patrons use library or archival resources.","","12","","","","","","","","","","","","","","","","","","","","","",""
"4.A.1.b.1.I02.D03","Identify investment opportunities or strategies.","","10","","","","","","","","","","","","","","","","","","","","","",""
"4.A.1.b.1.I02.D08","Identify job or employment opportunities.","","2","","","","","","","","","","","","","","","","","","","","","",""
"4.A.1.b.1.I02.D06","Identify opportunities to improve operational efficiency.","","2","","","","","","","","","","","","","","","","","","","","","",""
"4.A.2.b.1.I09.D06","Implement design or process improvements.","","11","","","","","","","","","","","","","","","","","","","","","",""
"4.A.4.a.5.I02.D02","Implement therapeutic programs to improve patient functioning.","","2","","","","","","","","","","","","","","","","","","","","","",""
"4.A.2.b.2.I11.D02","Incorporate green features into the design of structures or facilities.","","2","","","","","","","","","","","","","","","","","","","","","",""
"4.A.4.a.3.I03.D06","Inform individuals or organizations of status or findings.","","15","","","","","","","","","","","","","","","","","","","","","",""
"4.A.4.a.2.I05.D01","Inform medical professionals regarding patient conditions and care.","","15","","","","","","","","","","","","","","","","","","","","","",""
"4.A.4.a.1.I02.D01","Inform others about laws or regulations.","","1","","","","","","","","","","","","","","","","","","","","","",""
"4.A.4.a.1.I02.D02","Inform the public about policies, services or procedures.","","2","","","","","","","","","","","","","","","","","","","","","",""
"4.A.4.a.3.I02.D10","Inform viewers, listeners, or audiences.","","7","","","","","","","","","","","","","","","","","","","","","",""
"4.A.1.b.2.I04.D05","Inspect aircraft or aircraft components.","","2","","","","","","","","","","","","","","","","","","","","","",""
"4.A.1.b.2.I05.D09","Inspect areas for compliance with sanitation standards.","","1","","","","","","","","","","","","","","","","","","","","","",""
"4.A.1.b.2.I05.D04","Inspect cargo areas for cleanliness or condition.","","13","","","","","","","","","","","","","","","","","","","","","",""
"4.A.1.b.2.I10.D05","Inspect cargo to identify potential hazards.","","8","","","","","","","","","","","","","","","","","","","","","",""
"4.A.1.b.2.I06.D17","Inspect completed work to ensure proper installation.","","12","","","","","","","","","","","","","","","","","","","","","",""
"4.A.1.a.2.I09.D06","Inspect condition of natural environments.","","1","","","","","","","","","","","","","","","","","","","","","",""
"4.A.1.b.2.I07.D04","Inspect equipment or facilities to determine condition or maintenance needs.","","7","","","","","","","","","","","","","","","","","","","","","",""
"4.A.1.b.2.I07.D11","Inspect equipment or systems.","","8","","","","","","","","","","","","","","","","","","","","","",""
"4.A.1.b.2.I07.D18","Inspect equipment to ensure proper functioning.","","12","","","","","","","","","","","","","","","","","","","","","",""
"4.A.1.b.2.I07.D14","Inspect equipment to ensure safety or proper functioning.","","7","","","","","","","","","","","","","","","","","","","","","",""
"4.A.1.b.2.I05.D08","Inspect facilities or equipment to ensure specifications are met.","","3","","","","","","","","","","","","","","","","","","","","","",""
"4.A.1.b.2.I05.D12","Inspect facilities or sites to determine if they meet specifications or standards.","","19","","","","","","","","","","","","","","","","","","","","","",""
"4.A.1.b.2.I05.D07","Inspect facilities.","","7","","","","","","","","","","","","","","","","","","","","","",""
"4.A.1.b.2.I06.D08","Inspect finished products to locate flaws.","","1","","","","","","","","","","","","","","","","","","","","","",""
"4.A.1.b.2.I06.D13","Inspect food products.","","17","","","","","","","","","","","","","","","","","","","","","",""
"4.A.1.b.2.I10.D04","Inspect garments for defects, damage, or stains.","","9","","","","","","","","","","","","","","","","","","","","","",""
"4.A.1.b.2.I07.D16","Inspect industrial or commercial equipment to ensure proper operation.","","4","","","","","","","","","","","","","","","","","","","","","",""
"4.A.1.b.2.I06.D18","Inspect installed components or assemblies.","","12","","","","","","","","","","","","","","","","","","","","","",""
"4.A.1.b.2.I06.D11","Inspect items for damage or defects.","","17","","","","","","","","","","","","","","","","","","","","","",""
"4.A.1.a.2.I09.D01","Inspect landscaping to determine treatment needs.","","1","","","","","","","","","","","","","","","","","","","","","",""
"4.A.1.b.2.I04.D04","Inspect locomotives or other railroad equipment.","","1","","","","","","","","","","","","","","","","","","","","","",""
"4.A.1.b.2.I10.D02","Inspect lumber or raw woodstock.","","2","","","","","","","","","","","","","","","","","","","","","",""
"4.A.1.b.2.I10.D08","Inspect materials or equipment to determine need for repair or replacement.","","1","","","","","","","","","","","","","","","","","","","","","",""
"4.A.1.b.2.I06.D10","Inspect medical or dental assistive devices.","","2","","","","","","","","","","","","","","","","","","","","","",""
"4.A.1.b.2.I06.D05","Inspect metal, plastic, or composite products.","","7","","","","","","","","","","","","","","","","","","","","","",""
"4.A.1.a.2.I02.D09","Inspect operational processes.","","4","","","","","","","","","","","","","","","","","","","","","",""
"4.A.1.b.2.I07.D12","Inspect plumbing systems or fixtures.","","9","","","","","","","","","","","","","","","","","","","","","",""
"4.A.1.a.2.I11.D02","Inspect products or operations to ensure that standards are met.","","8","","","","","","","","","","","","","","","","","","","","","",""
"4.A.1.b.2.I07.D02","Inspect safety equipment to ensure proper functioning.","","1","","","","","","","","","","","","","","","","","","","","","",""
"4.A.1.b.2.I06.D14","Inspect sets or exhibits.","","2","","","","","","","","","","","","","","","","","","","","","",""
"4.A.1.b.2.I04.D06","Inspect structural components of vehicles to identify problems.","","4","","","","","","","","","","","","","","","","","","","","","",""
"4.A.1.b.2.I07.D03","Inspect systems to determine if they are operating properly.","","11","","","","","","","","","","","","","","","","","","","","","",""
"4.A.1.b.2.I07.D05","Inspect telecommunications equipment to identify problems.","","5","","","","","","","","","","","","","","","","","","","","","",""
"4.A.1.b.2.I06.D07","Inspect textile products.","","4","","","","","","","","","","","","","","","","","","","","","",""
"4.A.1.b.2.I05.D05","Inspect work environments to ensure safety.","","4","","","","","","","","","","","","","","","","","","","","","",""
"4.A.1.b.2.I05.D01","Inspect work sites to determine condition or necessary repairs.","","15","","","","","","","","","","","","","","","","","","","","","",""
"4.A.1.b.2.I06.D16","Inspected printed materials or other images to verify quality.","","9","","","","","","","","","","","","","","","","","","","","","",""
"4.A.3.a.2.I01.D13","Install building fixtures.","","6","","","","","","","","","","","","","","","","","","","","","",""
"4.A.3.a.2.I20.D02","Install drilling equipment.","","2","","","","","","","","","","","","","","","","","","","","","",""
"4.A.3.a.2.I46.D01","Install equipment attachments or components.","","5","","","","","","","","","","","","","","","","","","","","","",""
"4.A.3.a.2.I16.D03","Install heating, ventilation, or air conditioning (HVAC) equipment.","","9","","","","","","","","","","","","","","","","","","","","","",""
"4.A.3.a.2.I20.D05","Install instrumentation or electronic equipment or systems.","","15","","","","","","","","","","","","","","","","","","","","","",""
"4.A.3.a.2.I01.D02","Install insulation in equipment or structures.","","4","","","","","","","","","","","","","","","","","","","","","",""
"4.A.3.a.2.I01.D03","Install masonry materials.","","8","","","","","","","","","","","","","","","","","","","","","",""
"4.A.3.a.2.I46.D08","Install mechanical components in production equipment.","","1","","","","","","","","","","","","","","","","","","","","","",""
"4.A.3.a.2.I01.D06","Install metal structural components.","","3","","","","","","","","","","","","","","","","","","","","","",""
"4.A.3.a.2.I20.D06","Install metering equipment.","","1","","","","","","","","","","","","","","","","","","","","","",""
"4.A.3.a.2.I04.D01","Install parts, assemblies, or attachments in transportation or material handling equipment.","","1","","","","","","","","","","","","","","","","","","","","","",""
"4.A.3.a.2.I01.D15","Install roofing materials.","","12","","","","","","","","","","","","","","","","","","","","","",""
"4.A.3.a.2.I01.D10","Install safety or support equipment.","","5","","","","","","","","","","","","","","","","","","","","","",""
"4.A.3.a.2.I04.D07","Install vehicle parts or accessories.","","9","","","","","","","","","","","","","","","","","","","","","",""
"4.A.3.a.2.I01.D17","Install wooden structural components.","","7","","","","","","","","","","","","","","","","","","","","","",""
"4.A.4.b.3.I02.D09","Instruct college students in physical or life sciences.","","3","","","","","","","","","","","","","","","","","","","","","",""
"4.A.4.b.3.I02.D08","Instruct college students in social sciences or humanities disciplines.","","2","","","","","","","","","","","","","","","","","","","","","",""
"4.A.4.b.3.I05.D02","Instruct patients in the use of assistive equipment.","","6","","","","","","","","","","","","","","","","","","","","","",""
"4.A.4.b.3.I04.D06","Instruct staff in work policies or procedures.","","5","","","","","","","","","","","","","","","","","","","","","",""
"4.A.4.b.5.I02.D04","Interact with patients to build rapport or provide emotional support.","","3","","","","","","","","","","","","","","","","","","","","","",""
"4.A.4.a.1.I03.D02","Interpret cultural or religious information for others.","","2","","","","","","","","","","","","","","","","","","","","","",""
"4.A.2.a.4.I12.D03","Interpret design or operational test results.","","8","","","","","","","","","","","","","","","","","","","","","",""
"4.A.1.a.1.I23.D04","Interview people to obtain information about actions or status of individuals.","","2","","","","","","","","","","","","","","","","","","","","","",""
"4.A.4.c.3.I07.D03","Inventory medical supplies or equipment.","","15","","","","","","","","","","","","","","","","","","","","","",""
"4.A.1.a.1.I15.D02","Investigate personal characteristics or activities of individuals.","","1","","","","","","","","","","","","","","","","","","","","","",""
"4.A.1.a.1.I22.D01","Investigate system, equipment, or product failures.","","16","","","","","","","","","","","","","","","","","","","","","",""
"4.A.1.a.1.I10.D03","Investigate the environmental impact of projects.","","1","","","","","","","","","","","","","","","","","","","","","",""
"4.A.4.c.1.I04.D02","Issue documentation or identification to customers or employees.","","12","","","","","","","","","","","","","","","","","","","","","",""
"4.A.1.b.1.I01.D05","Label production materials.","","1","","","","","","","","","","","","","","","","","","","","","",""
"4.A.3.a.2.I34.D04","Lay cables to connect equipment.","","1","","","","","","","","","","","","","","","","","","","","","",""
"4.A.3.a.2.I41.D02","Lay out parts to prepare for assembly.","","3","","","","","","","","","","","","","","","","","","","","","",""
"4.A.4.b.3.I02.D04","Lead classes or community events.","","6","","","","","","","","","","","","","","","","","","","","","",""
"4.A.3.a.3.I08.D02","Lift materials or workpieces using cranes or other lifting equipment.","","4","","","","","","","","","","","","","","","","","","","","","",""
"4.A.3.a.1.I06.D07","Load agricultural or forestry products for shipment.","","1","","","","","","","","","","","","","","","","","","","","","",""
"4.A.3.a.1.I06.D12","Load items into ovens or furnaces.","","2","","","","","","","","","","","","","","","","","","","","","",""
"4.A.3.a.1.I06.D05","Load materials into construction equipment.","","3","","","","","","","","","","","","","","","","","","","","","",""
"4.A.3.a.1.I06.D02","Load materials into equipment for processing.","","13","","","","","","","","","","","","","","","","","","","","","",""
"4.A.3.a.1.I06.D10","Load materials into production equipment.","","19","","","","","","","","","","","","","","","","","","","","","",""
"4.A.3.a.1.I06.D06","Load materials or equipment.","","16","","","","","","","","","","","","","","","","","","","","","",""
"4.A.3.a.1.I06.D03","Load or unload materials used in construction or extraction.","","16","","","","","","","","","","","","","","","","","","","","","",""
"4.A.3.a.2.I44.D01","Locate animals for fishing or hunting purposes.","","8","","","","","","","","","","","","","","","","","","","","","",""
"4.A.1.b.2.I07.D13","Locate equipment or materials in need of repair or replacement.","","16","","","","","","","","","","","","","","","","","","","","","",""
"4.A.1.a.2.I07.D10","Locate fires or fire danger areas.","","3","","","","","","","","","","","","","","","","","","","","","",""
"4.A.1.a.2.I07.D04","Locate suspicious objects or vehicles.","","13","","","","","","","","","","","","","","","","","","","","","",""
"4.A.3.b.4.I02.D17","Lubricate production equipment.","","9","","","","","","","","","","","","","","","","","","","","","",""
"4.A.3.b.4.I04.D06","Maintain computer equipment or software.","","1","","","","","","","","","","","","","","","","","","","","","",""
"4.A.2.b.3.I01.D05","Maintain current knowledge related to work activities.","","8","","","","","","","","","","","","","","","","","","","","","",""
"4.A.3.b.4.I01.D01","Maintain facilities.","","2","","","","","","","","","","","","","","","","","","","","","",""
"4.A.4.c.3.I01.D02","Maintain inventory of medical supplies or equipment.","","17","","","","","","","","","","","","","","","","","","","","","",""
"4.A.2.b.3.I01.D17","Maintain knowledge of business operations.","","13","","","","","","","","","","","","","","","","","","","","","",""
"4.A.2.b.3.I01.D15","Maintain knowledge of laws or regulations.","","7","","","","","","","","","","","","","","","","","","","","","",""
"4.A.3.b.4.I04.D05","Maintain laboratory or technical equipment.","","18","","","","","","","","","","","","","","","","","","","","","",""
"4.A.3.b.6.I08.D28","Maintain logs of production activities.","","2","","","","","","","","","","","","","","","","","","","","","",""
"4.A.3.b.4.I02.D01","Maintain mechanical equipment.","","6","","","","","","","","","","","","","","","","","","","","","",""
"4.A.3.b.4.I09.D02","Maintain medical laboratory equipment.","","2","","","","","","","","","","","","","","","","","","","","","",""
"4.A.2.b.3.I01.D12","Maintain medical or professional knowledge.","","6","","","","","","","","","","","","","","","","","","","","","",""
"4.A.3.b.4.I02.D04","Maintain office equipment in proper operating condition.","","5","","","","","","","","","","","","","","","","","","","","","",""
"4.A.3.b.6.I08.D21","Maintain operational records or records systems.","","2","","","","","","","","","","","","","","","","","","","","","",""
"4.A.3.b.6.I08.D10","Maintain personnel records.","","5","","","","","","","","","","","","","","","","","","","","","",""
"4.A.3.b.4.I01.D03","Maintain plumbing structures or fixtures.","","5","","","","","","","","","","","","","","","","","","","","","",""
"4.A.2.b.3.I01.D02","Maintain professional social services knowledge.","","19","","","","","","","","","","","","","","","","","","","","","",""
"4.A.3.b.4.I04.D03","Maintain recording or broadcasting equipment.","","5","","","","","","","","","","","","","","","","","","","","","",""
"4.A.3.b.6.I08.D15","Maintain records of customer accounts.","","18","","","","","","","","","","","","","","","","","","","","","",""
"4.A.4.a.5.I11.D08","Maintain sterile operative fields.","","7","","","","","","","","","","","","","","","","","","","","","",""
"4.A.4.c.3.I01.D04","Maintain supply or equipment inventories.","","12","","","","","","","","","","","","","","","","","","","","","",""
"4.A.1.a.2.I07.D07","Maintain surveillance of individuals or establishments.","","19","","","","","","","","","","","","","","","","","","","","","",""
"4.A.3.b.4.I02.D05","Maintain sustainable energy production equipment.","","1","","","","","","","","","","","","","","","","","","","","","",""
"4.A.3.b.4.I04.D07","Maintain test equipment.","","9","","","","","","","","","","","","","","","","","","","","","",""
"4.A.2.b.1.I05.D01","Make decisions in legal cases.","","1","","","","","","","","","","","","","","","","","","","","","",""
"4.A.4.b.4.I09.D01","Manage budgets for personal services operations.","","2","","","","","","","","","","","","","","","","","","","","","",""
"4.A.4.b.4.I09.D06","Manage financial activities of the organization.","","4","","","","","","","","","","","","","","","","","","","","","",""
"4.A.4.b.4.I09.D08","Manage organizational or program finances.","","5","","","","","","","","","","","","","","","","","","","","","",""
"4.A.4.b.4.I12.D35","Manage preparation of special meals or diets.","","1","","","","","","","","","","","","","","","","","","","","","",""
"4.A.4.b.4.I06.D08","Manage scientific or technical project resources.","","2","","","","","","","","","","","","","","","","","","","","","",""
"4.A.1.b.1.I01.D02","Mark agricultural or forestry products for identification.","","18","","","","","","","","","","","","","","","","","","","","","",""
"4.A.4.a.6.I03.D04","Market products, services, or events.","","6","","","","","","","","","","","","","","","","","","","","","",""
"4.A.1.b.3.I05.D01","Measure clients to ensure proper product fit.","","5","","","","","","","","","","","","","","","","","","","","","",""
"4.A.1.b.3.I01.D06","Measure distances or dimensions.","","7","","","","","","","","","","","","","","","","","","","","","",""
"4.A.2.a.1.I02.D03","Measure effectiveness of business strategies or practices.","","15","","","","","","","","","","","","","","","","","","","","","",""
"4.A.1.a.2.I09.D03","Measure environmental characteristics.","","3","","","","","","","","","","","","","","","","","","","","","",""
"4.A.1.b.2.I12.D06","Measure equipment outputs.","","6","","","","","","","","","","","","","","","","","","","","","",""
"4.A.1.b.3.I01.D01","Measure materials to mark reference points, cutting lines, or other indicators.","","12","","","","","","","","","","","","","","","","","","","","","",""
"4.A.1.b.3.I01.D07","Measure physical characteristics of forestry or agricultural products.","","5","","","","","","","","","","","","","","","","","","","","","",""
"4.A.1.b.3.I01.D04","Measure product or material dimensions.","","11","","","","","","","","","","","","","","","","","","","","","",""
"4.A.1.b.3.I01.D17","Measure the level or depth of water or other liquids.","","9","","","","","","","","","","","","","","","","","","","","","",""
"4.A.1.b.3.I04.D02","Measure work site dimensions.","","4","","","","","","","","","","","","","","","","","","","","","",""
"4.A.4.a.7.I01.D03","Mediate disputes.","","8","","","","","","","","","","","","","","","","","","","","","",""
"4.A.4.a.2.I03.D04","Meet with coworkers to communicate work orders or plans.","","2","","","","","","","","","","","","","","","","","","","","","",""
"4.A.3.a.1.I01.D02","Mix ingredients to create specific finishes.","","6","","","","","","","","","","","","","","","","","","","","","",""
"4.A.2.b.1.I11.D02","Mix sound inputs.","","5","","","","","","","","","","","","","","","","","","","","","",""
"4.A.3.a.1.I01.D04","Mix substances or compounds needed for work activities.","","18","","","","","","","","","","","","","","","","","","","","","",""
"4.A.3.a.1.I01.D08","Mix substances to create chemical solutions.","","3","","","","","","","","","","","","","","","","","","","","","",""
"4.A.4.a.6.I03.D11","Model cosmetics, clothing, or accessories.","","6","","","","","","","","","","","","","","","","","","","","","",""
"4.A.1.a.2.I05.D04","Monitor animal behavior or condition.","","8","","","","","","","","","","","","","","","","","","","","","",""
"4.A.4.c.3.I07.D01","Monitor availability of equipment or supplies.","","1","","","","","","","","","","","","","","","","","","","","","",""
"4.A.1.a.2.I01.D01","Monitor broadcasting operations to ensure proper functioning.","","3","","","","","","","","","","","","","","","","","","","","","",""
"4.A.1.a.2.I03.D06","Monitor business indicators.","","12","","","","","","","","","","","","","","","","","","","","","",""
"4.A.1.a.2.I01.D03","Monitor engine operation or functioning.","","6","","","","","","","","","","","","","","","","","","","","","",""
"4.A.1.a.2.I07.D01","Monitor environment to ensure safety.","","12","","","","","","","","","","","","","","","","","","","","","",""
"4.A.1.a.2.I09.D02","Monitor environmental conditions to detect hazards.","","4","","","","","","","","","","","","","","","","","","","","","",""
"4.A.1.a.1.I10.D04","Monitor environmental impacts of production or development activities.","","3","","","","","","","","","","","","","","","","","","","","","",""
"4.A.1.a.2.I01.D14","Monitor equipment fluid levels.","","2","","","","","","","","","","","","","","","","","","","","","",""
"4.A.1.a.2.I01.D13","Monitor equipment gauges or displays to ensure proper operation.","","6","","","","","","","","","","","","","","","","","","","","","",""
"4.A.1.a.2.I02.D02","Monitor facilities or operational systems.","","6","","","","","","","","","","","","","","","","","","","","","",""
"4.A.1.a.2.I03.D05","Monitor financial indicators.","","16","","","","","","","","","","","","","","","","","","","","","",""
"4.A.1.a.2.I01.D11","Monitor instruments to ensure proper production conditions.","","10","","","","","","","","","","","","","","","","","","","","","",""
"4.A.1.a.2.I01.D02","Monitor medical equipment to ensure proper functioning.","","8","","","","","","","","","","","","","","","","","","","","","",""
"4.A.1.a.2.I11.D11","Monitor medical facility activities to ensure adherence to standards or regulations.","","11","","","","","","","","","","","","","","","","","","","","","",""
"4.A.1.a.2.I02.D16","Monitor operational procedures in technical environments to ensure conformance to standards.","","11","","","","","","","","","","","","","","","","","","","","","",""
"4.A.1.a.2.I02.D03","Monitor operational quality or safety.","","14","","","","","","","","","","","","","","","","","","","","","",""
"4.A.1.a.2.I02.D20","Monitor organizational processes.","","3","","","","","","","","","","","","","","","","","","","","","",""
"4.A.1.a.2.I05.D03","Monitor patients following surgeries or other treatments.","","17","","","","","","","","","","","","","","","","","","","","","",""
"4.A.1.a.2.I11.D06","Monitor processes for compliance with standards.","","8","","","","","","","","","","","","","","","","","","","","","",""
"4.A.1.a.2.I02.D08","Monitor recreational facility operations.","","2","","","","","","","","","","","","","","","","","","","","","",""
"4.A.1.a.2.I07.D11","Monitor surroundings to detect potential hazards.","","5","","","","","","","","","","","","","","","","","","","","","",""
"4.A.1.a.2.I02.D19","Monitor the handling of hazardous materials or medical wastes.","","2","","","","","","","","","","","","","","","","","","","","","",""
"4.A.1.a.2.I02.D15","Monitor the productivity or efficiency of industrial operations.","","2","","","","","","","","","","","","","","","","","","","","","",""
"4.A.1.a.2.I10.D01","Monitor the security of digital information.","","15","","","","","","","","","","","","","","","","","","","","","",""
"4.A.1.a.2.I02.D07","Monitor vehicle movement or location.","","8","","","","","","","","","","","","","","","","","","","","","",""
"4.A.1.a.2.I01.D12","Monitor video displays of medical equipment to ensure proper functioning.","","6","","","","","","","","","","","","","","","","","","","","","",""
"4.A.1.a.2.I07.D13","Monitor work environment to ensure safety or adherence to specifications.","","13","","","","","","","","","","","","","","","","","","","","","",""
"4.A.3.a.2.I06.D02","Mount attachments or tools onto production equipment.","","7","","","","","","","","","","","","","","","","","","","","","",""
"4.A.3.a.1.I13.D02","Move patients to or from treatment areas.","","7","","","","","","","","","","","","","","","","","","","","","",""
"4.A.3.a.4.I01.D02","Navigate water vessels.","","6","","","","","","","","","","","","","","","","","","","","","",""
"4.A.4.a.7.I02.D09","Negotiate agreements to resolve disputes.","","11","","","","","","","","","","","","","","","","","","","","","",""
"4.A.4.a.7.I02.D10","Negotiate contracts with clients or service providers.","","19","","","","","","","","","","","","","","","","","","","","","",""
"4.A.4.a.7.I02.D06","Negotiate financial arrangements.","","9","","","","","","","","","","","","","","","","","","","","","",""
"4.A.4.a.7.I02.D12","Negotiate for services.","","4","","","","","","","","","","","","","","","","","","","","","",""
"4.A.4.a.7.I02.D05","Negotiate purchases or contracts.","","2","","","","","","","","","","","","","","","","","","","","","",""
"4.A.4.a.2.I08.D04","Notify others of equipment problems.","","3","","","","","","","","","","","","","","","","","","","","","",""
"4.A.1.a.2.I01.D06","Observe equipment in operation to detect potential problems.","","12","","","","","","","","","","","","","","","","","","","","","",""
"4.A.1.a.1.I15.D01","Observe individuals' activities to gather information or compile evidence.","","2","","","","","","","","","","","","","","","","","","","","","",""
"4.A.1.a.1.I17.D01","Obtain documentation to authorize activities.","","6","","","","","","","","","","","","","","","","","","","","","",""
"4.A.1.a.1.I07.D01","Obtain information about goods or services.","","3","","","","","","","","","","","","","","","","","","","","","",""
"4.A.1.a.1.I17.D03","Obtain written authorization to perform activities.","","8","","","","","","","","","","","","","","","","","","","","","",""
"4.A.3.a.3.I05.D06","Operate audio recording equipment.","","6","","","","","","","","","","","","","","","","","","","","","",""
"4.A.3.a.3.I05.D05","Operate audio-visual equipment.","","1","","","","","","","","","","","","","","","","","","","","","",""
"4.A.3.a.3.I06.D01","Operate chemical processing or water treatment systems or equipment.","","4","","","","","","","","","","","","","","","","","","","","","",""
"4.A.3.a.3.I10.D02","Operate communications, transmissions, or broadcasting equipment.","","2","","","","","","","","","","","","","","","","","","","","","",""
"4.A.3.b.1.I05.D02","Operate computer systems.","","9","","","","","","","","","","","","","","","","","","","","","",""
"4.A.3.a.3.I05.D01","Operate control consoles for sound, lighting or video.","","4","","","","","","","","","","","","","","","","","","","","","",""
"4.A.3.a.3.I06.D09","Operate conveyors or other industrial material moving equipment.","","3","","","","","","","","","","","","","","","","","","","","","",""
"4.A.3.a.3.I06.D06","Operate cooking, baking, or other food preparation equipment.","","12","","","","","","","","","","","","","","","","","","","","","",""
"4.A.3.a.3.I12.D02","Operate cutting equipment.","","14","","","","","","","","","","","","","","","","","","","","","",""
"4.A.3.a.3.I07.D05","Operate energy distribution equipment.","","3","","","","","","","","","","","","","","","","","","","","","",""
"4.A.3.a.3.I07.D01","Operate energy production equipment.","","5","","","","","","","","","","","","","","","","","","","","","",""
"4.A.3.a.3.I06.D11","Operate equipment to print images or bind printed images together.","","1","","","","","","","","","","","","","","","","","","","","","",""
"4.A.3.a.3.I03.D04","Operate excavation equipment.","","2","","","","","","","","","","","","","","","","","","","","","",""
"4.A.3.a.3.I11.D04","Operate farming equipment.","","14","","","","","","","","","","","","","","","","","","","","","",""
"4.A.3.a.1.I02.D01","Operate firefighting equipment.","","6","","","","","","","","","","","","","","","","","","","","","",""
"4.A.3.a.3.I11.D02","Operate forestry equipment.","","5","","","","","","","","","","","","","","","","","","","","","",""
"4.A.4.a.8.I02.D01","Operate gaming equipment.","","4","","","","","","","","","","","","","","","","","","","","","",""
"4.A.3.a.1.I08.D01","Operate garment treatment equipment.","","9","","","","","","","","","","","","","","","","","","","","","",""
"4.A.3.a.3.I12.D01","Operate grinding equipment.","","15","","","","","","","","","","","","","","","","","","","","","",""
"4.A.3.a.3.I06.D07","Operate heating or drying equipment.","","5","","","","","","","","","","","","","","","","","","","","","",""
"4.A.3.a.3.I11.D01","Operate irrigation systems.","","7","","","","","","","","","","","","","","","","","","","","","",""
"4.A.3.a.3.I09.D01","Operate laboratory or field equipment.","","16","","","","","","","","","","","","","","","","","","","","","",""
"4.A.3.a.4.I01.D13","Operate locomotives or other rail vehicles.","","1","","","","","","","","","","","","","","","","","","","","","",""
"4.A.3.a.3.I04.D05","Operate medical equipment.","","11","","","","","","","","","","","","","","","","","","","","","",""
"4.A.3.a.3.I06.D12","Operate metal or plastic forming equipment.","","10","","","","","","","","","","","","","","","","","","","","","",""
"4.A.3.a.3.I03.D03","Operate mining equipment.","","1","","","","","","","","","","","","","","","","","","","","","",""
"4.A.3.a.3.I06.D08","Operate mixing equipment.","","5","","","","","","","","","","","","","","","","","","","","","",""
"4.A.3.a.3.I07.D06","Operate natural gas distribution equipment.","","1","","","","","","","","","","","","","","","","","","","","","",""
"4.A.3.a.3.I07.D02","Operate natural gas generation equipment.","","1","","","","","","","","","","","","","","","","","","","","","",""
"4.A.4.a.5.I12.D03","Operate on patients to treat conditions.","","8","","","","","","","","","","","","","","","","","","","","","",""
"4.A.3.a.3.I06.D04","Operate packing or other material processing equipment.","","2","","","","","","","","","","","","","","","","","","","","","",""
"4.A.3.a.3.I06.D02","Operate painting or coating equipment.","","6","","","","","","","","","","","","","","","","","","","","","",""
"4.A.3.a.3.I06.D10","Operate photographic developing or print production equipment.","","4","","","","","","","","","","","","","","","","","","","","","",""
"4.A.3.a.3.I02.D01","Operate pumping systems or equipment.","","13","","","","","","","","","","","","","","","","","","","","","",""
"4.A.3.a.2.I05.D04","Operate sewing equipment.","","3","","","","","","","","","","","","","","","","","","","","","",""
"4.A.3.a.4.I01.D01","Operate ships or other watercraft.","","3","","","","","","","","","","","","","","","","","","","","","",""
"4.A.3.a.3.I05.D04","Operate still or video cameras or related equipment.","","15","","","","","","","","","","","","","","","","","","","","","",""
"4.A.3.a.3.I12.D04","Operate textile cutting or production equipment.","","1","","","","","","","","","","","","","","","","","","","","","",""
"4.A.3.a.2.I35.D05","Operate welding equipment.","","9","","","","","","","","","","","","","","","","","","","","","",""
"4.A.3.a.3.I12.D03","Operate woodworking equipment.","","3","","","","","","","","","","","","","","","","","","","","","",""
"4.A.4.c.3.I05.D02","Order instructional or library materials or equipment.","","8","","","","","","","","","","","","","","","","","","","","","",""
"4.A.4.c.3.I05.D07","Order medical supplies or equipment.","","6","","","","","","","","","","","","","","","","","","","","","",""
"4.A.3.b.6.I12.D02","Organize informational materials.","","12","","","","","","","","","","","","","","","","","","","","","",""
"4.A.4.b.4.I11.D01","Organize recreational activities or events.","","3","","","","","","","","","","","","","","","","","","","","","",""
"4.A.4.b.4.I11.D05","Organize special events.","","10","","","","","","","","","","","","","","","","","","","","","",""
"4.A.3.a.2.I42.D01","Package agricultural products for shipment or further processing.","","10","","","","","","","","","","","","","","","","","","","","","",""
"4.A.3.a.2.I42.D03","Package food or supplies.","","10","","","","","","","","","","","","","","","","","","","","","",""
"4.A.3.a.2.I42.D02","Package products for storage or shipment.","","12","","","","","","","","","","","","","","","","","","","","","",""
"4.A.3.a.2.I33.D02","Paint surfaces or equipment.","","4","","","","","","","","","","","","","","","","","","","","","",""
"4.A.3.a.1.I16.D01","Participate in athletic events.","","9","","","","","","","","","","","","","","","","","","","","","",""
"4.A.1.a.2.I07.D12","Patrol natural areas to ensure safety or enforce regulations.","","8","","","","","","","","","","","","","","","","","","","","","",""
"4.A.4.c.1.I03.D07","Pay charges, fees, or taxes.","","5","","","","","","","","","","","","","","","","","","","","","",""
"4.A.4.c.1.I01.D10","Perform administrative or clerical tasks.","","15","","","","","","","","","","","","","","","","","","","","","",""
"4.A.4.a.5.I04.D03","Perform animal breeding procedures.","","12","","","","","","","","","","","","","","","","","","","","","",""
"4.A.3.b.4.I01.D02","Perform basic equipment maintenance.","","7","","","","","","","","","","","","","","","","","","","","","",""
"4.A.4.c.1.I01.D06","Perform clerical work in medical settings.","","12","","","","","","","","","","","","","","","","","","","","","",""
"4.A.4.a.8.I01.D06","Perform dances.","","9","","","","","","","","","","","","","","","","","","","","","",""
"4.A.4.a.8.I01.D02","Perform for recordings.","","17","","","","","","","","","","","","","","","","","","","","","",""
"4.A.4.a.6.I03.D01","Perform marketing activities.","","4","","","","","","","","","","","","","","","","","","","","","",""
"4.A.3.a.4.I01.D11","Pilot aircraft.","","2","","","","","","","","","","","","","","","","","","","","","",""
"4.A.3.a.1.I06.D04","Place materials into molds.","","1","","","","","","","","","","","","","","","","","","","","","",""
"4.A.2.b.2.I23.D05","Plan biological research.","","6","","","","","","","","","","","","","","","","","","","","","",""
"4.A.2.b.6.I01.D05","Plan community programs or activities for the general public.","","1","","","","","","","","","","","","","","","","","","","","","",""
"4.A.2.b.6.I01.D02","Plan conferences, programs, or special events.","","2","","","","","","","","","","","","","","","","","","","","","",""
"4.A.2.b.2.I15.D06","Plan educational activities.","","13","","","","","","","","","","","","","","","","","","","","","",""
"4.A.4.b.4.I13.D01","Plan employee work schedules.","","15","","","","","","","","","","","","","","","","","","","","","",""
"4.A.2.b.6.I02.D04","Plan flight operations.","","1","","","","","","","","","","","","","","","","","","","","","",""
"4.A.2.b.2.I04.D02","Plan menu options.","","4","","","","","","","","","","","","","","","","","","","","","",""
"4.A.2.b.6.I02.D09","Plan production or operational procedures or sequences.","","11","","","","","","","","","","","","","","","","","","","","","",""
"4.A.2.b.2.I17.D02","Plan programs to address community health issues.","","1","","","","","","","","","","","","","","","","","","","","","",""
"4.A.2.b.2.I17.D01","Plan programs to address community mental wellness needs.","","3","","","","","","","","","","","","","","","","","","","","","",""
"4.A.2.b.2.I23.D08","Plan social sciences research.","","1","","","","","","","","","","","","","","","","","","","","","",""
"4.A.2.b.6.I02.D03","Plan work operations.","","11","","","","","","","","","","","","","","","","","","","","","",""
"4.A.2.b.6.I02.D02","Plan work procedures.","","4","","","","","","","","","","","","","","","","","","","","","",""
"4.A.3.a.1.I17.D06","Plant crops, trees, or other plants.","","1","","","","","","","","","","","","","","","","","","","","","",""
"4.A.3.a.1.I17.D05","Plant greenery to improve landscape appearance.","","6","","","","","","","","","","","","","","","","","","","","","",""
"4.A.3.a.2.I15.D04","Polish materials, workpieces, or finished products.","","7","","","","","","","","","","","","","","","","","","","","","",""
"4.A.3.a.2.I22.D03","Position animal trapping or capture equipment.","","5","","","","","","","","","","","","","","","","","","","","","",""
"4.A.3.a.2.I22.D04","Position construction forms or molds.","","1","","","","","","","","","","","","","","","","","","","","","",""
"4.A.3.a.2.I22.D06","Position equipment using hand tools, power tools, or heavy equipment.","","3","","","","","","","","","","","","","","","","","","","","","",""
"4.A.3.a.2.I22.D10","Position material handling equipment.","","9","","","","","","","","","","","","","","","","","","","","","",""
"4.A.3.a.2.I22.D07","Position patterns on equipment, materials, or workpieces.","","3","","","","","","","","","","","","","","","","","","","","","",""
"4.A.3.a.2.I22.D02","Position safety or support equipment.","","5","","","","","","","","","","","","","","","","","","","","","",""
"4.A.3.a.1.I07.D03","Pour materials into or on designated areas.","","13","","","","","","","","","","","","","","","","","","","","","",""
"4.A.3.b.6.I15.D03","Prepare accident or incident reports.","","11","","","","","","","","","","","","","","","","","","","","","",""
"4.A.4.b.4.I13.D03","Prepare activity or work schedules.","","2","","","","","","","","","","","","","","","","","","","","","",""
"4.A.3.b.6.I03.D05","Prepare analytical reports.","","6","","","","","","","","","","","","","","","","","","","","","",""
"4.A.3.a.2.I47.D03","Prepare biological samples for testing or analysis.","","7","","","","","","","","","","","","","","","","","","","","","",""
"4.A.3.a.2.I47.D02","Prepare biological specimens for laboratory analysis.","","3","","","","","","","","","","","","","","","","","","","","","",""
"4.A.3.a.2.I03.D09","Prepare breads or doughs.","","11","","","","","","","","","","","","","","","","","","","","","",""
"4.A.3.a.2.I47.D04","Prepare compounds or solutions for products or testing.","","8","","","","","","","","","","","","","","","","","","","","","",""
"4.A.3.b.6.I13.D06","Prepare contracts, disclosures, or applications.","","6","","","","","","","","","","","","","","","","","","","","","",""
"4.A.2.b.6.I02.D07","Prepare detailed work plans.","","17","","","","","","","","","","","","","","","","","","","","","",""
"4.A.3.a.2.I13.D01","Prepare explosives for detonation.","","1","","","","","","","","","","","","","","","","","","","","","",""
"4.A.3.b.6.I01.D01","Prepare financial documents.","","16","","","","","","","","","","","","","","","","","","","","","",""
"4.A.3.b.6.I13.D04","Prepare forms or applications.","","3","","","","","","","","","","","","","","","","","","","","","",""
"4.A.2.b.2.I18.D14","Prepare graphics or other visual representations of information.","","7","","","","","","","","","","","","","","","","","","","","","",""
"4.A.3.a.2.I13.D04","Prepare hazardous waste for processing or disposal.","","3","","","","","","","","","","","","","","","","","","","","","",""
"4.A.3.b.6.I12.D06","Prepare healthcare training materials.","","1","","","","","","","","","","","","","","","","","","","","","",""
"4.A.3.a.2.I46.D07","Prepare hoses or water supplies to fight fires.","","2","","","","","","","","","","","","","","","","","","","","","",""
"4.A.3.b.6.I14.D06","Prepare information or documentation related to legal or regulatory matters.","","1","","","","","","","","","","","","","","","","","","","","","",""
"4.A.3.b.6.I12.D07","Prepare informational or reference materials.","","5","","","","","","","","","","","","","","","","","","","","","",""
"4.A.3.b.6.I14.D01","Prepare legal or investigatory documentation.","","17","","","","","","","","","","","","","","","","","","","","","",""
"4.A.2.b.2.I18.D11","Prepare maps.","","1","","","","","","","","","","","","","","","","","","","","","",""
"4.A.3.a.2.I08.D03","Prepare materials for preservation, storage, or display.","","3","","","","","","","","","","","","","","","","","","","","","",""
"4.A.3.a.1.I01.D06","Prepare materials or solutions for animal or plant use.","","18","","","","","","","","","","","","","","","","","","","","","",""
"4.A.3.a.2.I03.D03","Prepare meat products for sale or consumption.","","4","","","","","","","","","","","","","","","","","","","","","",""
"4.A.3.b.6.I06.D03","Prepare medical reports or documents.","","6","","","","","","","","","","","","","","","","","","","","","",""
"4.A.3.a.2.I11.D01","Prepare medical supplies or equipment for use.","","11","","","","","","","","","","","","","","","","","","","","","",""
"4.A.3.b.6.I06.D01","Prepare official health documents or records.","","4","","","","","","","","","","","","","","","","","","","","","",""
"4.A.3.b.6.I15.D01","Prepare operational reports or records.","","5","","","","","","","","","","","","","","","","","","","","","",""
"4.A.3.b.6.I15.D04","Prepare operational reports.","","4","","","","","","","","","","","","","","","","","","","","","",""
"4.A.4.c.1.I05.D02","Prepare outgoing mail.","","16","","","","","","","","","","","","","","","","","","","","","",""
"4.A.3.b.6.I09.D01","Prepare procedural documents.","","10","","","","","","","","","","","","","","","","","","","","","",""
"4.A.2.b.2.I18.D02","Prepare production storyboards.","","2","","","","","","","","","","","","","","","","","","","","","",""
"4.A.3.b.6.I07.D04","Prepare proposals or grant applications to obtain project funding.","","2","","","","","","","","","","","","","","","","","","","","","",""
"4.A.3.b.6.I15.D02","Prepare reports detailing student activities or performance.","","16","","","","","","","","","","","","","","","","","","","","","",""
"4.A.3.b.6.I06.D04","Prepare reports summarizing patient diagnostic or care activities.","","9","","","","","","","","","","","","","","","","","","","","","",""
"4.A.3.b.6.I03.D09","Prepare technical reports for internal use.","","6","","","","","","","","","","","","","","","","","","","","","",""
"4.A.4.c.3.I06.D04","Prescribe assistive medical devices or related treatments.","","1","","","","","","","","","","","","","","","","","","","","","",""
"4.A.4.c.3.I06.D01","Prescribe treatments or therapies.","","16","","","","","","","","","","","","","","","","","","","","","",""
"4.A.4.a.3.I02.D03","Present information to the public.","","5","","","","","","","","","","","","","","","","","","","","","",""
"4.A.3.b.6.I03.D01","Present research results to others.","","3","","","","","","","","","","","","","","","","","","","","","",""
"4.A.4.a.3.I02.D09","Present social services program information to the public.","","12","","","","","","","","","","","","","","","","","","","","","",""
"4.A.3.a.2.I29.D03","Process animal carcasses.","","2","","","","","","","","","","","","","","","","","","","","","",""
"4.A.4.c.1.I06.D01","Process forensic or legal evidence in accordance with procedures.","","9","","","","","","","","","","","","","","","","","","","","","",""
"4.A.4.c.1.I01.D03","Process healthcare paperwork.","","6","","","","","","","","","","","","","","","","","","","","","",""
"4.A.4.c.1.I01.D08","Process library materials.","","12","","","","","","","","","","","","","","","","","","","","","",""
"4.A.3.a.3.I04.D01","Process x-rays or other medical images.","","11","","","","","","","","","","","","","","","","","","","","","",""
"4.A.3.b.1.I01.D02","Program equipment to perform production tasks.","","8","","","","","","","","","","","","","","","","","","","","","",""
"4.A.3.b.1.I01.D04","Program robotic equipment.","","1","","","","","","","","","","","","","","","","","","","","","",""
"4.A.4.a.6.I03.D06","Promote educational institutions or programs.","","7","","","","","","","","","","","","","","","","","","","","","",""
"4.A.2.a.3.I04.D01","Protect patients or staff members using safety equipment.","","18","","","","","","","","","","","","","","","","","","","","","",""
"4.A.3.a.1.I04.D01","Protect structures or surfaces near work areas to avoid damage.","","12","","","","","","","","","","","","","","","","","","","","","",""
"4.A.4.a.3.I03.D03","Provide attraction or event information to patrons.","","17","","","","","","","","","","","","","","","","","","","","","",""
"4.A.4.a.5.I03.D05","Provide basic health care services.","","3","","","","","","","","","","","","","","","","","","","","","",""
"4.A.4.a.3.I03.D05","Provide customer service to clients or users.","","5","","","","","","","","","","","","","","","","","","","","","",""
"4.A.4.a.3.I03.D08","Provide customers with general information or assistance.","","8","","","","","","","","","","","","","","","","","","","","","",""
"4.A.4.c.3.I03.D06","Provide educational materials to community members.","","2","","","","","","","","","","","","","","","","","","","","","",""
"4.A.3.a.1.I12.D02","Provide escort or transportation.","","1","","","","","","","","","","","","","","","","","","","","","",""
"4.A.4.a.3.I02.D08","Provide information to the general public.","","10","","","","","","","","","","","","","","","","","","","","","",""
"4.A.4.b.6.I01.D03","Provide medical or cosmetic advice for clients.","","18","","","","","","","","","","","","","","","","","","","","","",""
"4.A.4.a.3.I03.D10","Provide patrons with directions to locales or attractions.","","9","","","","","","","","","","","","","","","","","","","","","",""
"4.A.4.b.3.I03.D03","Provide safety training.","","1","","","","","","","","","","","","","","","","","","","","","",""
"4.A.3.a.1.I11.D03","Provide security escorts for officials, jury members, or other individuals.","","2","","","","","","","","","","","","","","","","","","","","","",""
"4.A.4.b.6.I04.D01","Provide technical guidance to other personnel.","","3","","","","","","","","","","","","","","","","","","","","","",""
"4.A.4.a.3.I02.D05","Provide technical information or assistance to public.","","3","","","","","","","","","","","","","","","","","","","","","",""
"4.A.1.a.1.I02.D01","Read materials to determine needed actions.","","1","","","","","","","","","","","","","","","","","","","","","",""
"4.A.3.b.4.I07.D05","Rebuild parts or components.","","1","","","","","","","","","","","","","","","","","","","","","",""
"4.A.4.b.6.I05.D12","Recommend changes or corrective procedures.","","3","","","","","","","","","","","","","","","","","","","","","",""
"4.A.4.b.6.I04.D06","Recommend changes to improve computer or information systems.","","10","","","","","","","","","","","","","","","","","","","","","",""
"4.A.4.b.6.I11.D02","Recommend investments to clients.","","18","","","","","","","","","","","","","","","","","","","","","",""
"4.A.4.b.6.I08.D03","Recommend legal actions.","","8","","","","","","","","","","","","","","","","","","","","","",""
"4.A.4.b.6.I02.D01","Recommend types of assistive devices.","","4","","","","","","","","","","","","","","","","","","","","","",""
"4.A.3.b.6.I08.D08","Record agricultural or forestry inventory data.","","9","","","","","","","","","","","","","","","","","","","","","",""
"4.A.3.b.6.I05.D02","Record crime or accident scene evidence with video or still cameras.","","4","","","","","","","","","","","","","","","","","","","","","",""
"4.A.3.b.6.I04.D01","Record information about environmental conditions.","","2","","","","","","","","","","","","","","","","","","","","","",""
"4.A.3.b.6.I02.D05","Record information from legal proceedings.","","3","","","","","","","","","","","","","","","","","","","","","",""
"4.A.3.b.6.I08.D29","Record information from meetings or other formal proceedings.","","10","","","","","","","","","","","","","","","","","","","","","",""
"4.A.3.b.6.I08.D27","Record operational or environmental data.","","2","","","","","","","","","","","","","","","","","","","","","",""
"4.A.3.b.6.I08.D31","Record production information.","","2","","","","","","","","","","","","","","","","","","","","","",""
"4.A.3.b.6.I08.D18","Record research or operational data.","","18","","","","","","","","","","","","","","","","","","","","","",""
"4.A.3.b.6.I10.D01","Record sales or transactions data.","","13","","","","","","","","","","","","","","","","","","","","","",""
"4.A.4.a.5.I01.D05","Refer individuals to educational or work programs.","","6","","","","","","","","","","","","","","","","","","","","","",""
"4.A.4.a.2.I08.D06","Relay information about incidents or emergencies to personnel using phones or two-way radios.","","13","","","","","","","","","","","","","","","","","","","","","",""
"4.A.3.a.2.I19.D04","Remove accessories, tools, or other parts from equipment.","","5","","","","","","","","","","","","","","","","","","","","","",""
"4.A.3.a.1.I05.D03","Remove debris from work sites.","","1","","","","","","","","","","","","","","","","","","","","","",""
"4.A.3.a.1.I05.D09","Remove debris or damaged materials.","","13","","","","","","","","","","","","","","","","","","","","","",""
"4.A.3.a.1.I05.D06","Remove debris or vegetation from work sites.","","11","","","","","","","","","","","","","","","","","","","","","",""
"4.A.3.a.2.I15.D02","Remove dents from equipment, materials, tools or structures.","","8","","","","","","","","","","","","","","","","","","","","","",""
"4.A.3.a.1.I05.D08","Remove excess materials from finished construction projects.","","4","","","","","","","","","","","","","","","","","","","","","",""
"4.A.3.a.2.I19.D01","Remove parts or components from vehicles.","","1","","","","","","","","","","","","","","","","","","","","","",""
"4.A.3.a.2.I29.D02","Remove skin or other body parts from animals.","","5","","","","","","","","","","","","","","","","","","","","","",""
"4.A.3.a.1.I05.D04","Remove trash.","","19","","","","","","","","","","","","","","","","","","","","","",""
"4.A.3.a.1.I05.D05","Remove worn, damaged or outdated materials from work areas.","","1","","","","","","","","","","","","","","","","","","","","","",""
"4.A.3.b.4.I07.D01","Repair defective engines or engine components.","","5","","","","","","","","","","","","","","","","","","","","","",""
"4.A.3.b.4.I03.D01","Repair electrical circuits or wiring.","","14","","","","","","","","","","","","","","","","","","","","","",""
"4.A.3.b.4.I03.D04","Repair electrical components.","","3","","","","","","","","","","","","","","","","","","","","","",""
"4.A.3.b.4.I03.D03","Repair electronic equipment.","","6","","","","","","","","","","","","","","","","","","","","","",""
"4.A.3.b.4.I05.D01","Repair furniture or upholstery.","","4","","","","","","","","","","","","","","","","","","","","","",""
"4.A.3.b.4.I09.D04","Repair medical facility equipment.","","2","","","","","","","","","","","","","","","","","","","","","",""
"4.A.3.b.4.I07.D04","Repair non-engine automotive or vehicle components.","","2","","","","","","","","","","","","","","","","","","","","","",""
"4.A.3.b.4.I05.D04","Repair parts or assemblies.","","5","","","","","","","","","","","","","","","","","","","","","",""
"4.A.3.b.4.I05.D03","Repair precision devices or workpieces.","","4","","","","","","","","","","","","","","","","","","","","","",""
"4.A.3.b.4.I06.D04","Repair production equipment or tools.","","2","","","","","","","","","","","","","","","","","","","","","",""
"4.A.3.a.2.I05.D03","Repair textiles or apparel.","","3","","","","","","","","","","","","","","","","","","","","","",""
"4.A.3.b.4.I06.D01","Replace worn equipment components.","","5","","","","","","","","","","","","","","","","","","","","","",""
"4.A.4.a.3.I02.D07","Report news to the public.","","4","","","","","","","","","","","","","","","","","","","","","",""
"4.A.4.a.2.I08.D03","Request emergency personnel.","","11","","","","","","","","","","","","","","","","","","","","","",""
"4.A.4.a.5.I05.D01","Rescue people from hazardous situations.","","14","","","","","","","","","","","","","","","","","","","","","",""
"4.A.1.a.1.I13.D02","Research crop management methods.","","1","","","","","","","","","","","","","","","","","","","","","",""
"4.A.1.a.1.I16.D02","Research diseases or parasites.","","10","","","","","","","","","","","","","","","","","","","","","",""
"4.A.1.a.1.I20.D01","Research engineering aspects of biological or chemical processes.","","2","","","","","","","","","","","","","","","","","","","","","",""
"4.A.1.a.1.I10.D05","Research environmental impact of industrial or development activities.","","2","","","","","","","","","","","","","","","","","","","","","",""
"4.A.1.a.1.I16.D01","Research genetic characteristics or expression.","","1","","","","","","","","","","","","","","","","","","","","","",""
"4.A.1.a.1.I08.D02","Research geological features or processes.","","1","","","","","","","","","","","","","","","","","","","","","",""
"4.A.1.a.1.I20.D07","Research human performance or health factors related to engineering or design activities.","","2","","","","","","","","","","","","","","","","","","","","","",""
"4.A.1.a.1.I09.D02","Research industrial processes or operations.","","3","","","","","","","","","","","","","","","","","","","","","",""
"4.A.1.a.1.I13.D01","Research livestock management methods.","","1","","","","","","","","","","","","","","","","","","","","","",""
"4.A.1.a.1.I16.D04","Research microbiological or chemical processes or structures.","","3","","","","","","","","","","","","","","","","","","","","","",""
"4.A.1.a.1.I13.D03","Research sustainable agricultural processes or practices.","","2","","","","","","","","","","","","","","","","","","","","","",""
"4.A.2.b.3.I01.D10","Research topics in area of expertise.","","8","","","","","","","","","","","","","","","","","","","","","",""
"4.A.3.a.2.I07.D01","Reshape metal workpieces to established specifications.","","4","","","","","","","","","","","","","","","","","","","","","",""
"4.A.4.a.7.I01.D01","Resolve interpersonal conflicts.","","1","","","","","","","","","","","","","","","","","","","","","",""
"4.A.4.a.7.I03.D04","Resolve issues affecting transportation operations.","","17","","","","","","","","","","","","","","","","","","","","","",""
"4.A.4.a.7.I03.D02","Resolve operational performance problems.","","11","","","","","","","","","","","","","","","","","","","","","",""
"4.A.4.a.7.I03.D03","Resolve personnel problems.","","17","","","","","","","","","","","","","","","","","","","","","",""
"4.A.4.a.8.I03.D02","Respond to customer inquiries.","","5","","","","","","","","","","","","","","","","","","","","","",""
"4.A.4.a.5.I05.D03","Respond to transportation emergencies.","","4","","","","","","","","","","","","","","","","","","","","","",""
"4.A.1.a.1.I04.D05","Retrieve information from electronic sources.","","3","","","","","","","","","","","","","","","","","","","","","",""
"4.A.1.a.1.I02.D15","Review details of technical drawings or specifications.","","13","","","","","","","","","","","","","","","","","","","","","",""
"4.A.2.a.3.I01.D05","Review license or permit applications.","","11","","","","","","","","","","","","","","","","","","","","","",""
"4.A.1.a.1.I01.D03","Review production information to determine costume or makeup requirements.","","2","","","","","","","","","","","","","","","","","","","","","",""
"4.A.2.b.3.I01.D01","Review professional literature to maintain professional knowledge.","","9","","","","","","","","","","","","","","","","","","","","","",""
"4.A.3.a.2.I34.D02","Rewire electrical or electronic systems.","","5","","","","","","","","","","","","","","","","","","","","","",""
"4.A.4.c.1.I05.D04","Route mail to correct destinations.","","13","","","","","","","","","","","","","","","","","","","","","",""
"4.A.3.a.2.I34.D06","Run wiring to connect equipment.","","6","","","","","","","","","","","","","","","","","","","","","",""
"4.A.2.b.5.I01.D04","Schedule activities or facility use.","","2","","","","","","","","","","","","","","","","","","","","","",""
"4.A.2.b.5.I02.D05","Schedule agricultural or forestry work.","","4","","","","","","","","","","","","","","","","","","","","","",""
"4.A.2.b.5.I03.D03","Schedule appointments with prospective customers.","","2","","","","","","","","","","","","","","","","","","","","","",""
"4.A.2.b.5.I02.D03","Schedule instructional activities.","","13","","","","","","","","","","","","","","","","","","","","","",""
"4.A.2.b.5.I02.D07","Schedule operational activities.","","14","","","","","","","","","","","","","","","","","","","","","",""
"4.A.2.b.5.I03.D02","Schedule patient procedures or appointments.","","4","","","","","","","","","","","","","","","","","","","","","",""
"4.A.3.a.1.I11.D11","Search individuals for illegal or dangerous items.","","18","","","","","","","","","","","","","","","","","","","","","",""
"4.A.1.a.1.I04.D03","Search information sources to find specific data.","","16","","","","","","","","","","","","","","","","","","","","","",""
"4.A.2.b.1.I10.D09","Select construction equipment.","","5","","","","","","","","","","","","","","","","","","","","","",""
"4.A.2.b.1.I10.D07","Select construction materials.","","11","","","","","","","","","","","","","","","","","","","","","",""
"4.A.2.b.1.I10.D10","Select educational materials or equipment.","","8","","","","","","","","","","","","","","","","","","","","","",""
"4.A.2.b.1.I10.D08","Select medical equipment for addressing patient needs.","","1","","","","","","","","","","","","","","","","","","","","","",""
"4.A.2.b.1.I10.D06","Select production equipment according to product specifications.","","10","","","","","","","","","","","","","","","","","","","","","",""
"4.A.2.b.1.I10.D05","Select production input materials.","","14","","","","","","","","","","","","","","","","","","","","","",""
"4.A.2.b.1.I10.D02","Select project materials.","","2","","","","","","","","","","","","","","","","","","","","","",""
"4.A.2.b.1.I10.D11","Select resources needed to accomplish tasks.","","5","","","","","","","","","","","","","","","","","","","","","",""
"4.A.4.c.2.I01.D06","Select staff, team members, or performers.","","13","","","","","","","","","","","","","","","","","","","","","",""
"4.A.4.a.6.I02.D02","Sell agricultural products.","","13","","","","","","","","","","","","","","","","","","","","","",""
"4.A.4.b.4.I02.D01","Serve on institutional or departmental committees.","","6","","","","","","","","","","","","","","","","","","","","","",""
"4.A.3.b.4.I08.D05","Service vehicles to maintain functionality.","","7","","","","","","","","","","","","","","","","","","","","","",""
"4.A.3.a.2.I09.D08","Set equipment controls to meet cutting specifications.","","7","","","","","","","","","","","","","","","","","","","","","",""
"4.A.3.a.2.I46.D05","Set equipment guides, stops, spacers, or other fixtures.","","9","","","","","","","","","","","","","","","","","","","","","",""
"4.A.3.a.2.I46.D10","Set up laboratory or field equipment.","","4","","","","","","","","","","","","","","","","","","","","","",""
"4.A.3.a.2.I46.D02","Set up material handling gear or equipment, such as rigging, packaging, or temporary structures.","","12","","","","","","","","","","","","","","","","","","","","","",""
"4.A.3.a.2.I46.D06","Set up still or video cameras or related equipment.","","4","","","","","","","","","","","","","","","","","","","","","",""
"4.A.3.a.2.I05.D01","Sew clothing or other articles.","","15","","","","","","","","","","","","","","","","","","","","","",""
"4.A.3.a.2.I07.D02","Shape clay or dough to create products.","","1","","","","","","","","","","","","","","","","","","","","","",""
"4.A.3.a.2.I07.D06","Shape surfaces or edges of wood workpieces.","","3","","","","","","","","","","","","","","","","","","","","","",""
"4.A.3.b.4.I02.D19","Sharpen cutting or grinding tools.","","1","","","","","","","","","","","","","","","","","","","","","",""
"4.A.4.a.2.I10.D01","Signal others to coordinate vehicle movement.","","8","","","","","","","","","","","","","","","","","","","","","",""
"4.A.3.a.3.I06.D05","Smooth garments with irons, presses, or steamers.","","4","","","","","","","","","","","","","","","","","","","","","",""
"4.A.3.a.2.I15.D05","Smooth metal surfaces or edges.","","7","","","","","","","","","","","","","","","","","","","","","",""
"4.A.3.a.2.I15.D03","Smooth surfaces of objects or equipment.","","7","","","","","","","","","","","","","","","","","","","","","",""
"4.A.3.a.2.I15.D06","Smooth surfaces with abrasive materials or tools.","","19","","","","","","","","","","","","","","","","","","","","","",""
"4.A.3.a.2.I35.D03","Solder parts or connections between parts.","","2","","","","","","","","","","","","","","","","","","","","","",""
"4.A.3.a.2.I35.D01","Solder parts or workpieces.","","17","","","","","","","","","","","","","","","","","","","","","",""
"4.A.2.a.2.I02.D04","Sort forestry or agricultural materials.","","11","","","","","","","","","","","","","","","","","","","","","",""
"4.A.2.a.2.I02.D05","Sort materials or products for processing, storing, shipping, or grading.","","14","","","","","","","","","","","","","","","","","","","","","",""
"4.A.2.a.2.I02.D06","Sort materials or products.","","6","","","","","","","","","","","","","","","","","","","","","",""
"4.A.3.a.1.I07.D09","Spread concrete or other aggregate mixtures.","","8","","","","","","","","","","","","","","","","","","","","","",""
"4.A.3.a.1.I07.D05","Spread sand, dirt or other loose materials onto surfaces.","","6","","","","","","","","","","","","","","","","","","","","","",""
"4.A.3.a.1.I06.D08","Stack finished items for further processing or shipment.","","3","","","","","","","","","","","","","","","","","","","","","",""
"4.A.3.a.1.I03.D08","Sterilize food cooking or processing equipment.","","3","","","","","","","","","","","","","","","","","","","","","",""
"4.A.3.a.2.I37.D02","Stock medical or patient care supplies.","","11","","","","","","","","","","","","","","","","","","","","","",""
"4.A.3.a.2.I37.D01","Stock products or parts.","","6","","","","","","","","","","","","","","","","","","","","","",""
"4.A.3.a.2.I37.D03","Store records or related materials.","","5","","","","","","","","","","","","","","","","","","","","","",""
"4.A.3.a.2.I37.D04","Store supplies or goods in kitchens or storage areas.","","5","","","","","","","","","","","","","","","","","","","","","",""
"4.A.1.a.1.I01.D02","Study details of musical compositions.","","18","","","","","","","","","","","","","","","","","","","","","",""
"4.A.2.b.3.I01.D22","Study product information to acquire professional knowledge.","","4","","","","","","","","","","","","","","","","","","","","","",""
"4.A.4.c.1.I03.D02","Submit financial applications.","","15","","","","","","","","","","","","","","","","","","","","","",""
"4.A.4.b.4.I01.D01","Supervise maintenance workers.","","13","","","","","","","","","","","","","","","","","","","","","",""
"4.A.1.a.2.I06.D04","Supervise school or student activities.","","14","","","","","","","","","","","","","","","","","","","","","",""
"4.A.4.b.4.I01.D10","Supervise scientific or technical personnel.","","9","","","","","","","","","","","","","","","","","","","","","",""
"4.A.4.b.4.I01.D18","Supervise student research or internship work.","","9","","","","","","","","","","","","","","","","","","","","","",""
"4.A.4.b.4.I01.D03","Supervise trainees.","","3","","","","","","","","","","","","","","","","","","","","","",""
"4.A.4.b.4.I01.D12","Supervise workers providing client or patient services.","","18","","","","","","","","","","","","","","","","","","","","","",""
"4.A.4.b.5.I02.D05","Support the professional development of others.","","12","","","","","","","","","","","","","","","","","","","","","",""
"4.A.1.b.3.I04.D04","Survey land or bodies of water to measure or determine features.","","15","","","","","","","","","","","","","","","","","","","","","",""
"4.A.4.b.3.I02.D02","Teach classes in area of specialization.","","1","","","","","","","","","","","","","","","","","","","","","",""
"4.A.4.b.3.I06.D01","Teach exercise or fitness techniques.","","9","","","","","","","","","","","","","","","","","","","","","",""
"4.A.4.b.3.I02.D11","Teach humanities courses at the college level.","","14","","","","","","","","","","","","","","","","","","","","","",""
"4.A.4.b.3.I06.D04","Teach medical procedures or medical equipment use to patients.","","6","","","","","","","","","","","","","","","","","","","","","",""
"4.A.4.b.3.I02.D03","Teach social science courses at the college level.","","12","","","","","","","","","","","","","","","","","","","","","",""
"4.A.1.b.2.I01.D08","Test biological specimens to gather information about patient conditions.","","9","","","","","","","","","","","","","","","","","","","","","",""
"4.A.1.b.2.I03.D04","Test characteristics of materials or structures.","","10","","","","","","","","","","","","","","","","","","","","","",""
"4.A.1.b.2.I12.D01","Test communications equipment to ensure proper functioning.","","13","","","","","","","","","","","","","","","","","","","","","",""
"4.A.1.b.2.I11.D02","Test facilities for environmental hazards.","","1","","","","","","","","","","","","","","","","","","","","","",""
"4.A.1.b.2.I03.D06","Test fluids to identify contamination or other problems.","","2","","","","","","","","","","","","","","","","","","","","","",""
"4.A.1.b.2.I03.D01","Test materials, solutions, or samples.","","3","","","","","","","","","","","","","","","","","","","","","",""
"4.A.1.b.2.I01.D03","Test patient hearing.","","2","","","","","","","","","","","","","","","","","","","","","",""
"4.A.1.b.2.I01.D01","Test patient heart or lung functioning.","","7","","","","","","","","","","","","","","","","","","","","","",""
"4.A.1.b.2.I01.D04","Test patient vision.","","9","","","","","","","","","","","","","","","","","","","","","",""
"4.A.1.b.2.I12.D02","Test performance of electrical, electronic, mechanical, or integrated systems or equipment.","","18","","","","","","","","","","","","","","","","","","","","","",""
"4.A.1.b.2.I03.D02","Test products for functionality or quality.","","7","","","","","","","","","","","","","","","","","","","","","",""
"4.A.1.b.2.I03.D07","Test quality of materials or finished products.","","11","","","","","","","","","","","","","","","","","","","","","",""
"4.A.4.a.3.I01.D01","Testify at legal or legislative proceedings.","","18","","","","","","","","","","","","","","","","","","","","","",""
"4.A.1.a.2.I02.D10","Track goods or materials.","","11","","","","","","","","","","","","","","","","","","","","","",""
"4.A.3.a.2.I10.D01","Train animals.","","1","","","","","","","","","","","","","","","","","","","","","",""
"4.A.4.b.3.I06.D11","Train caregivers or other non-medical personnel.","","6","","","","","","","","","","","","","","","","","","","","","",""
"4.A.4.b.3.I05.D07","Train customers in the use of products.","","13","","","","","","","","","","","","","","","","","","","","","",""
"4.A.4.b.3.I04.D14","Train employees in proper work procedures.","","3","","","","","","","","","","","","","","","","","","","","","",""
"4.A.4.b.3.I04.D10","Train food preparation or food service personnel.","","14","","","","","","","","","","","","","","","","","","","","","",""
"4.A.4.b.3.I05.D04","Train others in computer interface or software use.","","16","","","","","","","","","","","","","","","","","","","","","",""
"4.A.4.b.3.I04.D03","Train others in operational procedures.","","1","","","","","","","","","","","","","","","","","","","","","",""
"4.A.4.b.3.I04.D18","Train others on work processes.","","17","","","","","","","","","","","","","","","","","","","","","",""
"4.A.4.b.3.I04.D15","Train personnel in technical or scientific procedures.","","17","","","","","","","","","","","","","","","","","","","","","",""
"4.A.4.b.3.I04.D17","Train personnel on managerial topics.","","11","","","","","","","","","","","","","","","","","","","","","",""
"4.A.4.b.3.I04.D02","Train personnel on proper operational procedures.","","6","","","","","","","","","","","","","","","","","","","","","",""
"4.A.4.b.3.I04.D20","Train service staff.","","15","","","","","","","","","","","","","","","","","","","","","",""
"4.A.4.b.3.I04.D21","Train staff members in social services skills.","","12","","","","","","","","","","","","","","","","","","","","","",""
"4.A.4.b.3.I04.D08","Train staff members.","","15","","","","","","","","","","","","","","","","","","","","","",""
"4.A.4.b.3.I04.D19","Train transportation or material moving personnel.","","2","","","","","","","","","","","","","","","","","","","","","",""
"4.A.4.b.3.I04.D09","Train workers in farming, forestry, or hunting techniques.","","3","","","","","","","","","","","","","","","","","","","","","",""
"4.A.3.b.6.I08.D16","Transcribe spoken or written information.","","12","","","","","","","","","","","","","","","","","","","","","",""
"4.A.4.a.1.I03.D01","Translate information for others.","","8","","","","","","","","","","","","","","","","","","","","","",""
"4.A.3.a.1.I10.D01","Transport biological or other medical materials.","","7","","","","","","","","","","","","","","","","","","","","","",""
"4.A.3.a.1.I13.D01","Transport clients to appointments.","","1","","","","","","","","","","","","","","","","","","","","","",""
"4.A.4.a.5.I12.D07","Treat chronic diseases or disorders.","","13","","","","","","","","","","","","","","","","","","","","","",""
"4.A.4.a.5.I12.D04","Treat dental problems or diseases.","","9","","","","","","","","","","","","","","","","","","","","","",""
"4.A.3.a.2.I33.D01","Treat facilities to eliminate pests.","","3","","","","","","","","","","","","","","","","","","","","","",""
"4.A.3.a.2.I21.D01","Treat nails by shaping, decorating, or augmenting.","","14","","","","","","","","","","","","","","","","","","","","","",""
"4.A.4.a.5.I12.D08","Treat patients using alternative medical procedures.","","1","","","","","","","","","","","","","","","","","","","","","",""
"4.A.4.a.5.I02.D05","Treat patients using physical therapy techniques.","","4","","","","","","","","","","","","","","","","","","","","","",""
"4.A.3.a.2.I31.D02","Trim client hair.","","11","","","","","","","","","","","","","","","","","","","","","",""
"4.A.3.a.2.I12.D09","Trim excess material from installations.","","8","","","","","","","","","","","","","","","","","","","","","",""
"4.A.3.a.2.I12.D02","Trim excess material from workpieces.","","11","","","","","","","","","","","","","","","","","","","","","",""
"4.A.2.b.1.I02.D02","Troubleshoot equipment or systems operation problems.","","9","","","","","","","","","","","","","","","","","","","","","",""
"4.A.4.c.1.I01.D07","Type documents.","","11","","","","","","","","","","","","","","","","","","","","","",""
"4.A.3.b.1.I06.D05","Update computer database information.","","6","","","","","","","","","","","","","","","","","","","","","",""
"4.A.2.b.3.I01.D06","Update knowledge of legal or regulatory environments.","","17","","","","","","","","","","","","","","","","","","","","","",""
"4.A.2.b.3.I01.D20","Update technical knowledge.","","9","","","","","","","","","","","","","","","","","","","","","",""
"4.A.3.b.1.I06.D04","Update website content.","","6","","","","","","","","","","","","","","","","","","","","","",""
"4.A.1.a.1.I04.D02","Use databases to locate investigation details or other information.","","7","","","","","","","","","","","","","","","","","","","","","",""
"4.A.2.a.2.I01.D07","Verify accuracy of data.","","19","","","","","","","","","","","","","","","","","","","","","",""
"4.A.2.a.2.I05.D03","Verify application data to determine program eligibility.","","16","","","","","","","","","","","","","","","","","","","","","",""
"4.A.2.a.2.I05.D02","Verify employee information.","","2","","","","","","","","","","","","","","","","","","","","","",""
"4.A.2.a.2.I01.D02","Verify information or specifications.","","17","","","","","","","","","","","","","","","","","","","","","",""
"4.A.2.a.2.I01.D10","Verify mathematical calculations.","","8","","","","","","","","","","","","","","","","","","","","","",""
"4.A.2.a.2.I05.D05","Verify patron or staff credentials.","","2","","","","","","","","","","","","","","","","","","","","","",""
"4.A.2.a.3.I01.D06","Verify shipping documentation.","","10","","","","","","","","","","","","","","","","","","","","","",""
"4.A.1.a.2.I11.D05","Verify that medical activities or operations meet standards.","","3","","","","","","","","","","","","","","","","","","","","","",""
"4.A.4.a.2.I08.D09","Warn individuals about rule violations or safety concerns.","","7","","","","","","","","","","","","","","","","","","","","","",""
"4.A.1.b.3.I01.D11","Weigh finished products.","","19","","","","","","","","","","","","","","","","","","","","","",""
"4.A.1.b.3.I01.D14","Weigh materials to ensure compliance with specifications.","","17","","","","","","","","","","","","","","","","","","","","","",""
"4.A.1.b.3.I01.D13","Weigh parcels to determine shipping costs.","","17","","","","","","","","","","","","","","","","","","","","","",""
"4.A.3.a.2.I35.D02","Weld metal components.","","3","","","","","","","","","","","","","","","","","","","","","",""
"4.A.3.b.6.I16.D01","Write articles, books or other original materials in area of expertise.","","11","","","","","","","","","","","","","","","","","","","","","",""
"4.A.3.b.6.I07.D02","Write grant proposals.","","3","","","","","","","","","","","","","","","","","","","","","",""